has_vacancy,vacancy_value,vacancy_in_range,has_start_date,has_last_date,has_exam_date,dates_chronological,has_qualification,qualification_length,has_age_limit,has_fee,has_pay_scale,has_org,org_is_known,has_post_name,post_name_length,fields_extracted,total_fields,extraction_completeness,text_length,confidence_score,label,label_name
1,46845,1,1,1,0,1,1,22,0,1,1,1,1,1,100,7,12,0.7529602102185058,4977,0.9252394626265623,1,reliable
1,8405,1,0,1,1,1,1,130,1,0,1,1,1,1,43,9,12,0.7230112659458002,4565,0.8484114673062451,1,reliable
1,37496,1,1,1,1,1,1,84,0,1,1,1,1,1,66,9,12,0.701590787889375,907,0.909010376788617,1,reliable
0,45,1,1,1,0,0,1,76,0,0,0,0,1,1,22,3,12,0.40740022600528164,3244,0.3140070778160375,0,unreliable
1,3,1,0,1,0,1,1,1,0,0,0,1,0,1,3,2,12,0.3724155452585079,86,0.020140220793164687,0,unreliable
1,8347,1,1,1,1,1,1,70,0,1,0,1,1,1,36,8,12,0.8252488798011746,1104,0.8219438604959253,1,reliable
1,36914,1,1,1,1,1,1,87,1,0,0,1,1,1,99,12,12,0.6472625728013335,2337,0.7177370194566645,1,reliable
1,46361,1,1,1,0,1,1,111,0,1,1,1,1,1,94,9,12,0.9286198255447085,1759,0.7744059538458721,1,reliable
1,35440,1,0,1,0,1,1,72,1,0,0,1,1,1,23,8,12,0.8312433251349489,4003,0.7447052130068034,1,reliable
1,47382,1,1,1,1,1,1,142,0,0,0,1,1,1,42,7,12,0.9702984052590435,3060,0.8211272140779834,1,reliable
1,41229,1,0,1,1,1,1,40,0,1,0,1,1,1,90,12,12,0.8931019011362791,2512,0.7163147842379475,1,reliable
1,35258,1,1,1,1,1,1,70,0,1,1,1,1,1,51,10,12,0.7102691041887748,3521,0.786958554081669,1,reliable
1,45383,1,1,1,0,1,1,59,0,0,0,1,1,1,52,12,12,0.788374574053248,2586,0.9596649570487374,1,reliable
1,32684,1,0,1,0,1,1,136,1,0,0,1,1,1,48,9,12,0.8265450780039008,3502,0.7073185283156385,1,reliable
1,999999,0,1,1,0,1,1,142,0,0,0,1,0,1,20,4,12,0.1151083314346809,4559,0.15669478320334168,0,unreliable
1,18461,1,1,1,0,1,1,43,0,0,0,1,1,1,50,8,12,0.6142672405578565,2300,0.7633189554636604,1,reliable
1,-1,0,1,1,0,0,1,31,0,0,0,0,0,1,46,2,12,0.28583889840153537,1557,0.2726978527248243,0,unreliable
1,-1,0,0,1,0,0,1,133,0,0,0,1,1,1,98,2,12,0.1836421371787214,1755,0.030612079311040707,0,unreliable
1,71,1,0,1,0,0,1,6,0,0,0,1,0,1,4,2,12,0.37342386560199786,72,0.4191917347301933,0,unreliable
1,41,1,0,0,0,0,0,99,0,0,0,0,1,0,19,5,12,0.2989893370961395,4961,0.08990847272430363,0,unreliable
1,16384,1,1,1,1,1,1,105,0,0,0,1,1,1,55,11,12,0.6275138107847327,1868,0.8961697384648907,1,reliable
1,999999,0,0,1,0,1,1,120,0,0,0,1,0,1,15,5,12,0.06730128312218159,3762,0.023768455107455178,0,unreliable
0,42,1,1,1,0,1,1,27,0,0,0,1,0,1,15,5,12,0.1508587822856387,1019,0.2739855195839479,0,unreliable
1,40255,1,1,1,0,1,1,109,0,1,0,1,1,1,34,7,12,0.8256914955150682,3429,0.7166066261055756,1,reliable
0,57,1,1,1,0,0,1,139,0,0,0,0,0,1,29,1,12,0.08791527606190291,3170,0.07175349217979471,0,unreliable
1,33164,1,0,1,1,1,1,104,0,0,0,1,1,1,63,12,12,0.6020800595546714,3598,0.7983658647800338,1,reliable
1,30189,1,0,1,0,1,1,109,1,0,0,1,1,1,53,8,12,0.8952590018551,1505,0.9712676513468849,1,reliable
1,37967,1,1,1,1,1,1,37,1,1,1,1,1,1,99,7,12,0.6387503239263609,263,0.7952767002991478,1,reliable
1,10386,1,0,1,1,1,1,127,1,0,0,1,1,1,14,9,12,0.6540240907452023,2267,0.8607286701615097,1,reliable
1,27147,1,0,1,0,1,1,91,0,1,1,1,1,1,89,8,12,0.7894106259508837,2664,0.9163294352150938,1,reliable
1,996,1,0,1,0,1,1,90,0,1,0,1,1,1,17,7,12,0.9337131130284054,3185,0.7441497465501702,1,reliable
1,92,1,0,0,0,0,1,137,0,0,0,0,1,1,62,4,12,0.4077263906825139,4820,0.22786548862095013,0,unreliable
1,33926,1,0,1,0,1,1,76,0,1,0,1,1,1,97,7,12,0.9199998093282712,3393,0.7280856392922866,1,reliable
1,5230,1,1,1,1,1,1,48,0,1,0,1,1,1,24,11,12,0.7640790417325708,2649,0.9453845007786496,1,reliable
1,49,1,1,1,0,1,1,5,0,0,0,1,0,1,5,1,12,0.15231674201309056,41,0.1662520500783276,0,unreliable
1,42,1,0,1,0,1,1,7,0,0,0,1,0,1,2,1,12,0.07534631006341952,50,0.11704203847846706,0,unreliable
1,47846,1,1,1,0,1,1,35,1,1,0,1,1,1,55,7,12,0.8307922446570515,800,0.8635132103740768,1,reliable
1,34731,1,1,1,1,1,1,136,1,1,0,1,1,1,88,10,12,0.6543301233888996,4301,0.75098855837722,1,reliable
1,47,1,1,1,0,0,1,3,0,0,0,0,0,1,2,3,12,0.3600059664714964,67,0.22608732297413275,0,unreliable
1,13038,1,0,1,1,1,1,86,1,1,0,1,1,1,13,11,12,0.6146727077978117,4103,0.9814772516093373,1,reliable
1,23118,1,1,1,0,1,1,56,0,1,0,1,1,1,17,9,12,0.6224716067414726,2349,0.7379722553021518,1,reliable
0,41,1,1,1,0,0,1,76,0,0,0,1,1,1,15,2,12,0.19767034364165287,1705,0.0037208562649817534,0,unreliable
1,5,1,0,0,0,0,0,127,0,0,0,1,1,0,51,3,12,0.24362510305706542,3250,0.35772421113407193,0,unreliable
1,1240,1,1,1,0,1,1,51,0,1,0,1,1,1,98,7,12,0.8395295179806015,3496,0.9609553979934314,1,reliable
1,29522,1,1,1,1,1,1,57,1,1,1,1,1,1,38,7,12,0.7472440419613761,3419,0.9615565122188957,1,reliable
1,36638,1,0,1,1,1,1,111,0,1,0,1,1,1,92,10,12,0.8015141361746129,4152,0.8195633947624371,1,reliable
1,13,1,0,1,0,1,1,10,0,0,0,1,0,1,3,4,12,0.1697962347746338,71,0.45192208430843983,0,unreliable
1,40417,1,0,1,1,1,1,138,1,0,1,1,1,1,27,12,12,0.7985052856322423,1654,0.715873064382284,1,reliable
1,45341,1,1,1,0,1,1,44,0,0,0,1,1,1,63,7,12,0.6261668212844,1684,0.8857895487012722,1,reliable
1,39,1,1,0,0,0,1,27,0,0,0,0,1,1,47,3,12,0.15754355941441156,4248,0.3252769276714855,0,unreliable
1,0,0,1,1,0,1,1,78,0,0,0,1,1,1,100,1,12,0.16125490581778723,2384,0.08604516664418543,0,unreliable
1,48778,1,0,1,0,1,1,78,0,0,0,1,1,1,54,12,12,0.6829652151965161,2088,0.8940958904724217,1,reliable
1,32519,1,0,1,1,1,1,43,1,0,1,1,1,1,50,9,12,0.6340096991977525,4825,0.9296821306324757,1,reliable
1,48,1,0,1,0,0,1,0,0,0,0,0,0,1,2,5,12,0.37916649916680867,50,0.41632320933374484,0,unreliable
1,5733,1,1,1,0,1,1,102,0,1,1,1,1,1,86,12,12,0.6255663462259546,2917,0.721758505766219,1,reliable
1,20,1,0,1,0,0,1,8,0,0,0,0,0,1,1,4,12,0.10572858257411864,87,0.4864878723736828,0,unreliable
1,83,1,1,0,0,0,1,117,0,0,0,1,1,1,83,4,12,0.36206817672250846,4114,0.2610172161722858,0,unreliable
1,-1,0,0,1,0,0,1,28,0,0,0,0,0,1,44,5,12,0.31384581981712223,4706,0.00500265631721708,0,unreliable
1,19375,1,0,1,0,1,1,49,1,1,1,1,1,1,88,8,12,0.6977463493709756,3544,0.9953533833328387,1,reliable
1,24409,1,0,1,0,1,1,60,1,0,1,1,1,1,56,10,12,0.6773236303858938,2732,0.9452448408692169,1,reliable
1,13,1,0,0,0,0,1,55,0,0,0,0,1,1,90,4,12,0.1602401526365466,1103,0.4421147248185959,0,unreliable
0,26,1,0,1,0,0,1,77,0,0,0,0,1,1,41,4,12,0.34809117847997995,881,0.03552133556012288,0,unreliable
1,48713,1,1,1,0,1,1,109,1,0,1,1,1,1,84,9,12,0.6627918989642251,4399,0.8511221196759636,1,reliable
1,30693,1,0,1,0,1,1,136,0,0,1,1,1,1,41,12,12,0.8321625357225195,1286,0.9456053599627945,1,reliable
1,25102,1,0,1,0,1,1,42,0,0,0,1,1,1,10,10,12,0.7799242289757424,2292,0.9887949530271727,1,reliable
1,21981,1,1,1,1,1,1,140,0,1,1,1,1,1,86,10,12,0.7147533651934732,4811,0.9297870680157625,1,reliable
1,0,0,1,1,0,1,1,118,0,0,0,0,1,1,16,1,12,0.35547203096522906,2610,0.2868511143086787,0,unreliable
1,31441,1,0,1,1,1,1,113,0,1,0,1,1,1,66,7,12,0.9434133371107053,330,0.791007186477118,1,reliable
1,32793,1,1,1,1,1,1,52,1,1,1,1,1,1,26,12,12,0.917488745065994,786,0.7046583276532549,1,reliable
1,62,1,0,0,0,0,1,97,0,0,0,1,0,1,55,4,12,0.09391336851871866,1511,0.10597192469219668,0,unreliable
1,9621,1,0,1,0,1,1,106,1,1,0,1,1,1,71,12,12,0.6861273016453173,4650,0.8582227958697857,1,reliable
1,1997,1,1,1,0,1,1,60,1,0,1,1,1,1,59,10,12,0.9463526107253438,710,0.8376035948402099,1,reliable
0,40,1,0,1,0,0,1,42,0,0,0,0,1,1,96,5,12,0.3137190134766851,3235,0.37730674267798814,0,unreliable
1,42816,1,1,1,0,1,1,147,0,1,1,1,1,1,62,8,12,0.7466238112307487,3000,0.8687667650277494,1,reliable
1,23190,1,0,1,1,1,1,42,0,1,0,1,1,1,68,7,12,0.6599025691354049,4644,0.7197612143958597,1,reliable
1,21794,1,1,1,0,1,1,22,0,0,0,1,1,1,74,10,12,0.7925471131986603,4401,0.9380565400443085,1,reliable
1,17791,1,1,1,1,1,1,48,0,1,1,1,1,1,62,7,12,0.8166955156811249,2610,0.8729158880120491,1,reliable
1,34285,1,0,1,0,1,1,74,1,1,1,1,1,1,66,7,12,0.7008468449895972,3344,0.953043700606155,1,reliable
1,19,1,1,0,0,0,1,126,0,0,0,1,0,1,88,1,12,0.27169500826632625,1973,0.09081842287145564,0,unreliable
1,41889,1,1,1,1,1,1,76,0,1,1,1,1,1,97,10,12,0.8930068725374232,2760,0.7172011100636747,1,reliable
1,9756,1,0,1,0,1,1,72,0,0,0,1,1,1,98,9,12,0.6564638182445139,2185,0.9831346837000661,1,reliable
1,42085,1,1,1,1,1,1,35,1,0,0,1,1,1,40,7,12,0.8645954533563602,4240,0.8813237357604348,1,reliable
1,18,1,1,1,0,1,1,3,0,0,0,1,0,1,0,3,12,0.25644314472506696,54,0.4036824199425565,0,unreliable
1,62,1,0,0,0,0,1,63,0,0,0,0,0,1,89,1,12,0.23754891883515694,1925,0.40086780664156835,0,unreliable
1,999999,0,1,1,0,0,1,66,0,0,0,0,1,1,92,1,12,0.25287165620120367,4947,0.07920635893833544,0,unreliable
0,76,1,1,1,0,0,1,60,0,0,0,1,0,1,91,1,12,0.16710939025414553,3185,0.3378717825284287,0,unreliable
1,9350,1,0,1,1,1,1,139,0,1,0,1,1,1,94,7,12,0.8482586181323792,1075,0.9361306970354022,1,reliable
1,33062,1,0,1,1,1,1,100,1,1,0,1,1,1,30,10,12,0.769046423378951,292,0.9649305399846062,1,reliable
1,34985,1,0,1,0,1,1,57,0,1,0,1,1,1,91,8,12,0.7803934344984856,4301,0.9440466505861514,1,reliable
1,2520,1,1,1,0,1,1,66,1,1,0,1,1,1,87,8,12,0.7105730920589269,2896,0.8824439923044542,1,reliable
1,9464,1,1,1,1,1,1,103,1,1,1,1,1,1,61,9,12,0.6314721576835968,3396,0.8932946232324445,1,reliable
1,41722,1,0,1,0,1,1,49,0,1,1,1,1,1,62,9,12,0.7477262987958551,4425,0.862966117090501,1,reliable
1,47978,1,0,1,1,1,1,49,0,0,0,1,1,1,94,9,12,0.9548254636642247,1898,0.8060249194705306,1,reliable
1,15476,1,0,1,1,1,1,75,0,0,1,1,1,1,77,11,12,0.6862560784104094,1276,0.7510686967754086,1,reliable
1,760,1,0,1,0,1,1,146,0,1,1,1,1,1,100,11,12,0.991062424437357,707,0.7124424143156165,1,reliable
1,34527,1,0,1,0,1,1,20,1,1,1,1,1,1,79,12,12,0.8793136682256841,1767,0.8844916640617349,1,reliable
1,16,1,0,0,0,0,1,109,0,0,0,1,0,1,49,2,12,0.22792353368129603,2655,0.20088257182826613,0,unreliable
1,42083,1,1,1,0,1,1,127,1,1,1,1,1,1,54,7,12,0.7651121040897564,483,0.8703821079801372,1,reliable
1,20058,1,0,1,1,1,1,104,0,1,1,1,1,1,41,7,12,0.7711748199784472,738,0.8713477507746596,1,reliable
1,39,1,1,0,0,1,0,36,0,0,0,0,1,0,91,5,12,0.33139611278600556,2488,0.06018751223619945,0,unreliable
1,29474,1,1,1,1,1,1,40,0,1,0,1,1,1,11,8,12,0.9545228716359885,3949,0.978829380934749,1,reliable
1,83,1,1,0,0,0,1,146,0,0,0,1,0,1,31,5,12,0.3742619431117011,1476,0.19595122467748016,0,unreliable
1,20839,1,1,1,1,1,1,69,1,0,1,1,1,1,39,11,12,0.8361842842751632,1818,0.9422468627857069,1,reliable
1,73,1,0,0,0,0,1,104,0,0,0,0,1,1,46,5,12,0.08846547000416166,2423,0.434262683995235,0,unreliable
1,15689,1,0,1,0,1,1,86,0,1,0,1,1,1,58,11,12,0.6764675718956135,4397,0.8290584394194179,1,reliable
1,16,1,0,1,0,0,1,9,0,0,0,0,0,1,5,4,12,0.3872749629857814,38,0.1140477515163934,0,unreliable
1,0,0,1,1,0,1,1,135,0,0,0,1,1,1,24,3,12,0.12345424464340748,4550,0.25255819552785913,0,unreliable
1,36141,1,0,1,1,1,1,79,1,1,0,1,1,1,24,8,12,0.9442462438141125,4887,0.7500891176256435,1,reliable
1,96,1,0,1,0,0,1,6,0,0,0,1,0,1,1,2,12,0.32243875332511035,38,0.46501973790753903,0,unreliable
1,24023,1,1,1,1,1,1,75,1,1,0,1,1,1,31,12,12,0.610503953975147,202,0.9495089252961499,1,reliable
1,20488,1,0,1,1,1,1,85,0,1,0,1,1,1,13,11,12,0.9935167784062633,2967,0.7965869960184312,1,reliable
1,38017,1,0,1,1,1,1,135,0,0,1,1,1,1,99,8,12,0.7071231517476044,2645,0.7631591348274855,1,reliable
1,13475,1,0,1,0,1,1,98,0,0,1,1,1,1,57,12,12,0.7633631474389425,363,0.7024770894450221,1,reliable
1,89,1,0,1,0,0,1,0,0,0,0,1,0,1,1,3,12,0.4292081412108287,25,0.3899109409463012,0,unreliable
1,49587,1,1,1,1,1,1,49,1,1,0,1,1,1,34,12,12,0.8564465409625446,3966,0.7698457408086848,1,reliable
1,41256,1,0,1,1,1,1,118,0,1,1,1,1,1,68,9,12,0.7648638258955482,3975,0.7456809123074378,1,reliable
1,24373,1,0,1,1,1,1,108,1,0,0,1,1,1,90,12,12,0.9193548721103492,559,0.9612931916699936,1,reliable
1,84,1,0,0,0,0,1,141,0,0,0,1,1,1,18,5,12,0.39942728319744514,4882,0.3794762581358435,0,unreliable
1,8579,1,1,1,0,1,1,58,0,0,0,1,1,1,75,10,12,0.7799930983739816,846,0.7648702202680836,1,reliable
1,11042,1,1,1,0,1,1,143,0,1,0,1,1,1,41,9,12,0.839596093813453,1919,0.7009299811415268,1,reliable
1,41861,1,0,1,1,1,1,95,1,1,0,1,1,1,71,7,12,0.6095895304288365,1209,0.9682941655576962,1,reliable
1,18900,1,1,1,1,1,1,149,1,1,0,1,1,1,21,10,12,0.9922424000526384,2405,0.8457866822516423,1,reliable
1,50,1,0,1,0,0,1,8,0,0,0,0,0,1,2,5,12,0.24478245784292735,76,0.058205039931102265,0,unreliable
1,7123,1,1,1,1,1,1,54,0,0,1,1,1,1,71,7,12,0.7826560151452334,4144,0.8828577182120115,1,reliable
1,11928,1,0,1,1,1,1,79,1,0,0,1,1,1,13,8,12,0.7230825175214352,3215,0.8391480629003378,1,reliable
1,8811,1,0,1,0,1,1,20,1,0,1,1,1,1,30,7,12,0.6172386867782781,1849,0.8604327024254949,1,reliable
1,57,1,1,0,0,1,0,127,0,0,0,0,1,0,63,5,12,0.33084466767123677,1015,0.3967476024527537,0,unreliable
1,0,0,1,1,0,1,1,37,0,0,0,0,0,1,69,5,12,0.17118229110992603,3303,0.03330909280313332,0,unreliable
1,15142,1,0,1,1,1,1,71,1,0,0,1,1,1,60,10,12,0.8769400134993923,2729,0.7733521784808748,1,reliable
1,43348,1,0,1,1,1,1,112,0,0,1,1,1,1,91,8,12,0.8489650311886868,4490,0.8447042898619639,1,reliable
1,6398,1,1,1,0,1,1,51,1,1,1,1,1,1,93,8,12,0.9335935981426392,4835,0.8206949795634582,1,reliable
1,20469,1,0,1,1,1,1,70,1,1,0,1,1,1,96,9,12,0.6318202897961894,2068,0.9928747528050479,1,reliable
1,46591,1,1,1,1,1,1,41,1,0,1,1,1,1,16,9,12,0.9553600945473651,3468,0.8920105496013904,1,reliable
1,45178,1,1,1,0,1,1,63,0,0,0,1,1,1,55,8,12,0.9589793887045036,749,0.807540343885647,1,reliable
1,3515,1,0,1,1,1,1,142,0,1,1,1,1,1,62,10,12,0.9885249000349555,2156,0.8259242762680937,1,reliable
1,1495,1,1,1,1,1,1,123,1,0,0,1,1,1,32,8,12,0.81912747899545,1615,0.9673985962353984,1,reliable
1,48513,1,1,1,1,1,1,85,0,0,0,1,1,1,39,10,12,0.9049789045527672,3780,0.9493643027470758,1,reliable
1,76,1,1,1,0,1,1,38,0,0,0,1,1,1,29,10,12,0.8434518532065278,1240,0.9118372076400938,1,reliable
1,43841,1,1,1,0,1,1,92,1,0,1,1,1,1,50,11,12,0.7795355964212355,1373,0.9472615955189347,1,reliable
1,9391,1,1,1,1,1,1,79,0,1,1,1,1,1,70,10,12,0.6212371651034501,2285,0.8856580623011928,1,reliable
1,27634,1,0,1,0,1,1,122,0,1,1,1,1,1,49,9,12,0.7984682523061346,4898,0.8566921038645385,1,reliable
1,21858,1,1,1,0,1,1,61,1,1,0,1,1,1,96,11,12,0.6040944339786973,3022,0.8159279823861803,1,reliable
1,6672,1,0,1,1,1,1,113,0,0,1,1,1,1,77,10,12,0.8499572422403027,3694,0.9149304826272988,1,reliable
1,13,1,0,1,0,0,1,5,0,0,0,0,0,1,0,5,12,0.4073138082530221,56,0.13904355270559887,0,unreliable
1,30622,1,0,1,1,1,1,148,1,1,0,1,1,1,77,7,12,0.7254177011231422,1949,0.9532024185729938,1,reliable
1,21034,1,0,1,1,1,1,111,1,0,1,1,1,1,60,8,12,0.7285081314457439,3365,0.765675763140804,1,reliable
1,192,1,0,1,0,1,1,24,0,0,1,1,1,1,83,7,12,0.8446779432776014,3320,0.7198243144178001,1,reliable
1,39391,1,0,1,1,1,1,21,1,1,0,1,1,1,21,10,12,0.6997797816450473,2033,0.9954699369337281,1,reliable
1,7786,1,0,1,0,1,1,113,0,0,1,1,1,1,58,9,12,0.6203593196441698,697,0.7842994587026036,1,reliable
1,2037,1,0,1,1,1,1,112,1,1,1,1,1,1,76,10,12,0.746584470658187,4520,0.8005606480341061,1,reliable
1,26,1,0,0,0,0,1,67,0,0,0,0,1,1,21,1,12,0.13084532403649818,1500,0.02214104438335468,0,unreliable
1,26640,1,0,1,1,1,1,119,0,0,0,1,1,1,86,10,12,0.8039676862636977,2431,0.7018859141977709,1,reliable
1,30001,1,0,1,1,1,1,95,1,0,0,1,1,1,14,12,12,0.8565961717422705,2899,0.7598134374418787,1,reliable
1,22188,1,1,1,1,1,1,47,1,1,0,1,1,1,73,10,12,0.9112264853131504,3562,0.8812110122791935,1,reliable
1,7521,1,0,1,1,1,1,64,1,1,0,1,1,1,23,9,12,0.8312455129977021,1106,0.9290124108892194,1,reliable
1,48308,1,1,1,1,1,1,64,1,0,1,1,1,1,12,8,12,0.9668365333280801,247,0.784086629564533,1,reliable
1,74,1,0,0,0,0,1,148,0,0,0,0,1,1,53,5,12,0.11502772346279047,3732,0.06905221636942377,0,unreliable
1,9539,1,0,1,1,1,1,66,0,0,0,1,1,1,27,7,12,0.9563717954863887,3518,0.970565424879281,1,reliable
1,3,1,1,0,0,1,0,20,0,0,0,1,1,0,43,5,12,0.22066131682249263,3404,0.22860501679826362,0,unreliable
1,41800,1,0,1,1,1,1,135,1,1,0,1,1,1,33,9,12,0.7142224764259412,4814,0.7253700567066952,1,reliable
1,999999,0,1,1,0,1,1,115,0,0,0,1,1,1,19,4,12,0.3345119771017292,2731,0.3859616600499561,0,unreliable
1,11054,1,1,1,0,1,1,23,1,1,1,1,1,1,91,11,12,0.6622456947170919,2701,0.7516841611953311,1,reliable
1,7679,1,1,1,0,1,1,27,1,0,1,1,1,1,66,10,12,0.9436832582010177,3164,0.7248111152414757,1,reliable
1,97,1,0,0,0,0,1,48,0,0,0,0,0,1,55,2,12,0.056279535562002096,2970,0.4426891493854489,0,unreliable
1,41147,1,1,1,1,1,1,51,0,0,0,1,1,1,74,11,12,0.9614780352929453,2491,0.896370813274972,1,reliable
1,20026,1,1,1,0,1,1,26,1,0,1,1,1,1,85,9,12,0.839970042757176,1519,0.7618588854824817,1,reliable
1,6880,1,1,1,1,1,1,141,0,1,1,1,1,1,53,11,12,0.6188514161314432,357,0.8475842086931911,1,reliable
1,34,1,0,0,0,1,0,49,0,0,0,1,1,0,75,3,12,0.2747953930885531,1066,0.0014445623134946572,0,unreliable
1,10827,1,1,1,1,1,1,76,0,1,0,1,1,1,59,8,12,0.8856551418112105,3751,0.9716228835134664,1,reliable
1,506,1,1,1,0,1,1,127,1,0,0,1,1,1,56,8,12,0.8990113415399058,4684,0.8187427550067385,1,reliable
1,25084,1,1,1,0,1,1,130,1,0,0,1,1,1,56,9,12,0.8902435427931216,1311,0.7583025818544196,1,reliable
1,6485,1,1,1,1,1,1,26,1,0,1,1,1,1,66,7,12,0.9020858008229274,1720,0.8392635681898438,1,reliable
1,48286,1,0,1,1,1,1,80,1,1,1,1,1,1,50,7,12,0.7323243140842743,4633,0.8252125133948949,1,reliable
0,95,1,1,1,0,1,1,33,0,0,0,0,0,1,25,2,12,0.33724413129034,1696,0.4959559362108724,0,unreliable
1,82,1,1,0,0,0,1,112,0,0,0,1,1,1,55,4,12,0.18339780132341693,802,0.2820333612187001,0,unreliable
1,12224,1,0,1,1,1,1,145,0,0,1,1,1,1,44,7,12,0.753346882187071,1340,0.9446266676824961,1,reliable
1,35180,1,0,1,1,1,1,73,0,1,0,1,1,1,17,12,12,0.8993924723838667,2327,0.7954792206807195,1,reliable
0,46,1,1,1,0,0,1,149,0,0,0,1,1,1,35,2,12,0.39839506260283253,647,0.3885949101340458,0,unreliable
1,18438,1,1,1,1,1,1,150,1,1,0,1,1,1,85,11,12,0.8429520734039192,4759,0.9166176238841393,1,reliable
1,70,1,1,0,0,0,1,123,0,0,0,1,1,1,33,2,12,0.3241097873958684,362,0.1612786766617228,0,unreliable
1,10865,1,0,1,1,1,1,67,1,1,0,1,1,1,28,7,12,0.8048219916827858,4970,0.852239073322856,1,reliable
1,27741,1,0,1,1,1,1,137,0,0,0,1,1,1,56,10,12,0.6437407747719179,2284,0.8722662351821419,1,reliable
1,0,0,1,1,0,0,1,113,0,0,0,1,1,1,50,3,12,0.2854004946733597,1008,0.27268214561108356,0,unreliable
1,2,1,0,1,0,0,1,0,0,0,0,1,0,1,1,1,12,0.3647235055936266,61,0.07706784823613477,0,unreliable
1,55,1,0,0,0,0,0,45,0,0,0,1,0,0,50,3,12,0.24261799234052878,813,0.45907552564775134,0,unreliable
1,36181,1,1,1,1,1,1,129,0,0,0,1,1,1,84,7,12,0.8775538558868907,299,0.9893353747425968,1,reliable
0,67,1,1,1,0,1,1,121,0,0,0,1,0,1,16,1,12,0.36808946243613094,4197,0.13461985758358197,0,unreliable
1,47969,1,1,1,1,1,1,115,0,0,1,1,1,1,52,12,12,0.6752349609503333,1495,0.8234303651424331,1,reliable
1,4121,1,1,1,1,1,1,85,0,1,0,1,1,1,49,9,12,0.7963388310638384,2486,0.7650058443459268,1,reliable
0,47,1,1,1,0,1,1,38,0,0,0,0,1,1,28,1,12,0.3178037744029094,4173,0.34882746466939657,0,unreliable
1,42377,1,1,1,1,1,1,140,1,0,1,1,1,1,74,7,12,0.9114897931247268,2808,0.9174714024561959,1,reliable
1,47029,1,0,1,1,1,1,74,1,0,0,1,1,1,24,8,12,0.6898073841426384,207,0.8290057804517805,1,reliable
1,17716,1,1,1,0,1,1,50,0,1,0,1,1,1,40,9,12,0.9794989221993161,2779,0.9351692453344486,1,reliable
1,46,1,1,1,0,1,1,0,0,0,0,1,0,1,4,5,12,0.357138761703039,85,0.32020290178381633,0,unreliable
1,31612,1,0,1,1,1,1,120,0,0,1,1,1,1,36,9,12,0.7147177490508477,3328,0.7767684934807578,1,reliable
1,487,1,1,1,0,1,1,33,1,1,0,1,1,1,80,10,12,0.7772089031811378,2811,0.9098121661592605,1,reliable
1,23463,1,1,1,1,1,1,127,1,0,1,1,1,1,53,11,12,0.9303353314916148,631,0.8119994981456492,1,reliable
1,13442,1,0,1,1,1,1,100,0,1,1,1,1,1,77,8,12,0.9165921569995749,664,0.7906519577935687,1,reliable
1,24219,1,0,1,1,1,1,34,1,0,1,1,1,1,81,11,12,0.695273905238323,1714,0.7472180685086705,1,reliable
1,46902,1,1,1,0,1,1,22,1,0,1,1,1,1,26,10,12,0.995326207394231,1427,0.7921696374186572,1,reliable
1,0,0,0,1,0,0,1,113,0,0,0,1,0,1,27,1,12,0.23870450188901687,2953,0.04326042884386627,0,unreliable
1,11340,1,0,1,1,1,1,129,0,0,1,1,1,1,59,10,12,0.6006351887655896,3512,0.8967419780050109,1,reliable
1,40,1,0,1,0,1,1,5,0,0,0,0,0,1,5,5,12,0.36916622741230515,33,0.18491127068293628,0,unreliable
1,30445,1,1,1,0,1,1,107,0,0,1,1,1,1,49,9,12,0.8356558565943812,1229,0.9599665419327248,1,reliable
1,999999,0,1,1,0,1,1,69,0,0,0,1,1,1,50,2,12,0.4192872728132838,3828,0.14568294247336483,0,unreliable
1,999999,0,0,1,0,0,1,58,0,0,0,1,0,1,72,3,12,0.32456588489607885,3093,0.044466577340332214,0,unreliable
1,17107,1,0,1,0,1,1,123,1,1,1,1,1,1,42,8,12,0.8800701450438034,340,0.9792651914845188,1,reliable
1,11201,1,0,1,1,1,1,149,0,0,1,1,1,1,90,11,12,0.7915555852341198,3826,0.8303392104282716,1,reliable
1,52,1,1,0,0,1,0,128,0,0,0,1,0,0,33,4,12,0.053726011149692,530,0.04569076476522016,0,unreliable
1,19408,1,1,1,1,1,1,45,1,1,0,1,1,1,61,12,12,0.7436422993469273,2789,0.7545116907986773,1,reliable
1,9327,1,0,1,1,1,1,21,0,1,1,1,1,1,44,11,12,0.7480478559193204,1541,0.9583554173453595,1,reliable
1,8161,1,1,1,1,1,1,86,1,1,0,1,1,1,37,7,12,0.7206323755445279,537,0.9169264442185195,1,reliable
1,999999,0,1,1,0,0,1,139,0,0,0,0,1,1,80,3,12,0.08236779693325044,4770,0.4729475836303498,0,unreliable
1,6296,1,1,1,1,1,1,36,0,0,0,1,1,1,48,10,12,0.8714415318027829,1110,0.8041976464295688,1,reliable
1,19129,1,0,1,1,1,1,84,0,0,0,1,1,1,23,8,12,0.7828138232552155,2305,0.8045604660422447,1,reliable
1,0,0,0,1,0,0,1,60,0,0,0,0,0,1,81,5,12,0.3884435296688488,3191,0.4631595191632577,0,unreliable
1,9507,1,0,1,0,1,1,72,1,1,0,1,1,1,46,7,12,0.8132271630177372,3404,0.7232384949257892,1,reliable
1,999999,0,1,1,0,1,1,132,0,0,0,1,1,1,51,1,12,0.21679265041460127,449,0.358434610233646,0,unreliable
1,30592,1,0,1,1,1,1,148,0,0,0,1,1,1,39,8,12,0.7173361255808832,1238,0.7515629184533228,1,reliable
1,2879,1,0,1,1,1,1,34,0,1,0,1,1,1,58,12,12,0.9995450638538901,620,0.8347635154974833,1,reliable
1,2,1,0,1,0,1,1,10,0,0,0,1,0,1,2,1,12,0.4308914469874007,11,0.46208655514735425,0,unreliable
1,27964,1,1,1,1,1,1,56,0,1,0,1,1,1,28,11,12,0.8273210071118057,3482,0.9361452770884615,1,reliable
1,17,1,0,1,0,1,1,3,0,0,0,1,0,1,2,4,12,0.3922179760645425,25,0.4816799857350836,0,unreliable
1,8703,1,1,1,0,1,1,120,0,0,1,1,1,1,12,12,12,0.9790413530572395,3374,0.8238856347435877,1,reliable
1,10519,1,1,1,1,1,1,30,0,1,1,1,1,1,89,10,12,0.9467199663290466,2573,0.8916515386306878,1,reliable
1,999999,0,1,1,0,0,1,24,0,0,0,0,1,1,25,1,12,0.3710068149511724,1838,0.10075040914812677,0,unreliable
1,39378,1,1,1,1,1,1,74,0,1,0,1,1,1,51,10,12,0.8002318214717747,4747,0.8231978760896341,1,reliable
1,17964,1,1,1,1,1,1,90,1,0,1,1,1,1,28,7,12,0.8728529381036687,4521,0.7984481437149534,1,reliable
1,999999,0,0,1,0,1,1,97,0,0,0,1,0,1,93,5,12,0.3645932536339908,2370,0.06521427842795102,0,unreliable
1,2196,1,1,1,0,1,1,34,1,1,1,1,1,1,100,9,12,0.846496170360347,2863,0.7249742100534614,1,reliable
1,82,1,1,1,0,1,1,6,0,0,0,0,0,1,4,4,12,0.21548907307703663,17,0.03988253027440414,0,unreliable
1,13644,1,1,1,1,1,1,118,1,1,1,1,1,1,82,10,12,0.9300555871943851,1708,0.9439782707045947,1,reliable
1,17251,1,0,1,1,1,1,75,0,0,1,1,1,1,22,12,12,0.8450012561393085,1567,0.7470267788146189,1,reliable
1,1534,1,1,1,0,1,1,68,0,0,0,1,1,1,87,10,12,0.7778723672875597,4811,0.8333564978083838,1,reliable
1,43736,1,0,1,0,1,1,80,1,1,1,1,1,1,35,9,12,0.8220258601886428,3088,0.8175801448442286,1,reliable
1,21249,1,1,1,1,1,1,27,0,1,1,1,1,1,40,11,12,0.8855722326543123,4872,0.8454303273772068,1,reliable
1,39135,1,0,1,1,1,1,22,0,1,1,1,1,1,85,7,12,0.7314952238892718,4029,0.7789915972544554,1,reliable
1,21346,1,0,1,1,1,1,78,1,1,0,1,1,1,69,9,12,0.6106273768951723,1727,0.811140962510179,1,reliable
1,43420,1,0,1,1,1,1,147,1,1,1,1,1,1,22,7,12,0.6633586383156292,1516,0.7376392993499834,1,reliable
1,10113,1,0,1,1,1,1,119,1,0,0,1,1,1,57,7,12,0.984533480609005,1932,0.8511613110213021,1,reliable
1,14,1,1,1,0,1,1,4,0,0,0,0,0,1,4,4,12,0.2667494128351781,35,0.3390460642636827,0,unreliable
1,15571,1,1,1,1,1,1,68,1,0,0,1,1,1,76,11,12,0.9279591309485081,4054,0.7891867866386496,1,reliable
1,38955,1,0,1,1,1,1,82,0,0,1,1,1,1,32,10,12,0.708164422686699,1508,0.9871566155718656,1,reliable
1,49564,1,0,1,1,1,1,57,0,1,0,1,1,1,91,11,12,0.9813285901872579,1873,0.9723130451435268,1,reliable
1,6972,1,1,1,1,1,1,38,1,1,0,1,1,1,29,12,12,0.9008058814023975,2456,0.787172027320403,1,reliable
0,76,1,1,1,0,1,1,79,0,0,0,0,1,1,24,5,12,0.14430085816262017,3597,0.437225052621588,0,unreliable
1,19099,1,1,1,0,1,1,51,1,1,0,1,1,1,67,9,12,0.9047016872564361,1356,0.723790899580787,1,reliable
1,694,1,1,1,1,1,1,64,1,0,1,1,1,1,100,8,12,0.9207418763632564,2076,0.7564483213863699,1,reliable
1,41,1,0,0,0,0,0,102,0,0,0,1,1,0,76,3,12,0.20005517889966884,1016,0.01640595563983316,0,unreliable
1,45912,1,1,1,0,1,1,106,1,1,0,1,1,1,44,10,12,0.9222602560658234,4949,0.9783141721438817,1,reliable
1,6089,1,1,1,0,1,1,99,1,0,1,1,1,1,59,9,12,0.713146431929944,2383,0.789487896227857,1,reliable
1,47672,1,1,1,0,1,1,125,1,0,0,1,1,1,46,11,12,0.7436595156570355,1087,0.9747322532839033,1,reliable
1,4332,1,0,1,0,1,1,43,0,0,1,1,1,1,76,10,12,0.6396079628127197,4134,0.8773075861774964,1,reliable
1,92,1,1,1,0,1,1,8,0,0,0,0,0,1,5,3,12,0.2747935781090662,10,0.39429792440069295,0,unreliable
0,90,1,0,1,0,1,1,70,0,0,0,0,1,1,30,5,12,0.31700670400435604,476,0.12908379118754504,0,unreliable
1,39591,1,1,1,1,1,1,68,0,0,1,1,1,1,81,11,12,0.6428691350826005,4799,0.8253188569897657,1,reliable
0,55,1,0,1,0,1,1,23,0,0,0,0,0,1,61,1,12,0.18463712349853417,2411,0.0606829158383137,0,unreliable
1,53,1,1,1,0,0,1,0,0,0,0,0,0,1,5,1,12,0.21501991315895796,45,0.20645936665996,0,unreliable
1,8870,1,1,1,0,1,1,94,0,0,0,1,1,1,18,10,12,0.7715160348827613,4319,0.7028288113982916,1,reliable
1,47443,1,0,1,0,1,1,57,0,0,0,1,1,1,66,11,12,0.6987558656417191,3040,0.9348774626066131,1,reliable
1,35945,1,0,1,1,1,1,67,1,0,1,1,1,1,97,10,12,0.668718152054071,1898,0.9298670343445721,1,reliable
1,23716,1,1,1,1,1,1,22,1,1,0,1,1,1,54,10,12,0.9462549120281184,679,0.7827497357784116,1,reliable
1,47019,1,0,1,1,1,1,130,1,1,1,1,1,1,24,9,12,0.9421313101768849,3204,0.8779768226727688,1,reliable
1,1399,1,1,1,1,1,1,102,1,1,1,1,1,1,98,12,12,0.9360877086135374,2805,0.9496092621204589,1,reliable
0,7,1,1,1,0,1,1,38,0,0,0,1,1,1,52,4,12,0.19754154250449968,2195,0.41834796086225523,0,unreliable
0,86,1,1,1,0,0,1,114,0,0,0,0,1,1,53,3,12,0.062413113415230106,4771,0.264960092150241,0,unreliable
1,12696,1,0,1,1,1,1,44,0,0,0,1,1,1,17,9,12,0.7121822572088025,1758,0.7624594204370154,1,reliable
1,68,1,1,0,0,0,1,37,0,0,0,0,1,1,94,2,12,0.41348354556714717,1717,0.24611416699768268,0,unreliable
1,49163,1,1,1,1,1,1,21,1,0,0,1,1,1,99,7,12,0.6357216949873551,1101,0.8108395688956646,1,reliable
1,1421,1,0,1,0,1,1,121,1,1,1,1,1,1,60,9,12,0.8115344912502573,4738,0.9687030873964708,1,reliable
1,21409,1,1,1,0,1,1,54,1,0,0,1,1,1,83,8,12,0.9242446857349341,4836,0.7171904218678196,1,reliable
1,38007,1,0,1,0,1,1,84,1,1,0,1,1,1,38,11,12,0.7690305859171357,2969,0.9917350039304563,1,reliable
1,-1,0,1,1,0,0,1,77,0,0,0,0,1,1,96,3,12,0.20152891302221876,1073,0.4388156900170786,0,unreliable
1,13179,1,1,1,0,1,1,145,1,1,0,1,1,1,85,7,12,0.9918138495883726,1530,0.7291932420001194,1,reliable
1,25478,1,1,1,0,1,1,27,0,1,1,1,1,1,77,11,12,0.9431739012323461,3450,0.8394895071512334,1,reliable
1,4565,1,0,1,0,1,1,139,1,1,1,1,1,1,88,11,12,0.9142072967621461,2646,0.7538961979941335,1,reliable
1,10995,1,1,1,0,1,1,28,0,0,0,1,1,1,73,12,12,0.8301308771599446,2157,0.8093791849020323,1,reliable
0,71,1,1,1,0,1,1,84,0,0,0,0,0,1,93,4,12,0.40121415169255403,688,0.28176758570478466,0,unreliable
1,24747,1,1,1,0,1,1,142,0,1,1,1,1,1,48,8,12,0.8809125114487301,4916,0.7615698042076681,1,reliable
0,3,1,0,1,0,1,1,26,0,0,0,0,0,1,51,1,12,0.08778405296508188,4467,0.468855238882254,0,unreliable
1,90,1,1,1,0,0,1,3,0,0,0,0,0,1,2,2,12,0.2063335665262746,87,0.3257964259018612,0,unreliable
1,84,1,1,1,0,0,1,7,0,0,0,1,0,1,0,3,12,0.1984575385088036,12,0.17470820661623632,0,unreliable
1,22775,1,0,1,0,1,1,24,1,0,0,1,1,1,95,11,12,0.9576359609179282,2411,0.7272596365151619,1,reliable
1,17203,1,1,1,1,1,1,127,1,1,1,1,1,1,51,9,12,0.9396020212993252,4945,0.7700947706381169,1,reliable
1,267,1,1,1,1,1,1,74,0,1,0,1,1,1,84,9,12,0.9472469140781713,3336,0.7676022829304127,1,reliable
1,29334,1,1,1,0,1,1,112,0,1,0,1,1,1,24,11,12,0.9657743629391057,789,0.7561570750901889,1,reliable
1,44686,1,0,1,0,1,1,46,1,1,0,1,1,1,70,12,12,0.8428010872380117,4255,0.800927838805417,1,reliable
1,25,1,1,0,0,0,0,54,0,0,0,0,1,0,57,2,12,0.42963429734744757,3803,0.3702439495224934,0,unreliable
1,11144,1,1,1,1,1,1,112,0,1,0,1,1,1,99,10,12,0.6059833783314753,3221,0.9419927567342155,1,reliable
0,63,1,0,1,0,0,1,148,0,0,0,0,0,1,42,5,12,0.28416686539512076,251,0.4711152134959488,0,unreliable
1,8455,1,0,1,0,1,1,54,0,0,1,1,1,1,72,7,12,0.8347304107358613,3108,0.7842594809449609,1,reliable
1,25,1,1,1,0,0,1,4,0,0,0,1,0,1,2,4,12,0.4297506559150164,35,0.10491707843451759,0,unreliable
1,39,1,1,0,0,0,1,62,0,0,0,0,1,1,59,3,12,0.446394388732624,2186,0.02307591293280742,0,unreliable
1,26986,1,1,1,0,1,1,113,0,0,1,1,1,1,70,12,12,0.7667308237494632,4825,0.9574501166284937,1,reliable
1,10032,1,1,1,1,1,1,127,0,1,0,1,1,1,81,7,12,0.9133747643478778,4968,0.7573384217074786,1,reliable
1,39524,1,1,1,0,1,1,26,0,1,0,1,1,1,24,10,12,0.8517532439646447,4445,0.9852357382759837,1,reliable
1,48679,1,0,1,0,1,1,47,1,0,1,1,1,1,56,9,12,0.7759149024034461,1811,0.9157984417836191,1,reliable
0,97,1,0,1,0,1,1,75,0,0,0,1,0,1,69,5,12,0.266472110663455,1632,0.2848445620243721,0,unreliable
1,98,1,1,0,0,0,1,132,0,0,0,0,1,1,83,5,12,0.10755655173184611,4669,0.04728777666541628,0,unreliable
1,12677,1,1,1,0,1,1,107,1,0,0,1,1,1,46,8,12,0.8253204408685857,1696,0.8723749975932327,1,reliable
1,2210,1,0,1,0,1,1,67,1,1,1,1,1,1,68,7,12,0.8760296567746144,1270,0.7734075477554795,1,reliable
1,37,1,0,0,0,0,1,114,0,0,0,1,0,1,69,5,12,0.1287372011167892,811,0.35544354479665535,0,unreliable
1,0,0,1,1,0,1,1,78,0,0,0,1,0,1,96,1,12,0.21759233288553054,4465,0.12155200775097796,0,unreliable
1,35877,1,0,1,1,1,1,140,0,0,0,1,1,1,86,11,12,0.7528846023518843,3526,0.735014570408177,1,reliable
1,37295,1,0,1,1,1,1,22,0,0,0,1,1,1,84,12,12,0.9003257586854192,4315,0.8750224429941155,1,reliable
1,99,1,1,1,0,1,1,5,0,0,0,0,0,1,1,5,12,0.17281586624870976,42,0.23486169680792174,0,unreliable
1,32859,1,0,1,0,1,1,40,1,0,0,1,1,1,96,8,12,0.8662810020863991,4226,0.7091078470479879,1,reliable
1,8692,1,0,1,0,1,1,132,1,1,0,1,1,1,31,12,12,0.8458075333708429,4205,0.8550968336019913,1,reliable
1,49073,1,0,1,1,1,1,74,0,1,0,1,1,1,28,8,12,0.6511492462791992,2947,0.7117029675308437,1,reliable
1,31,1,0,0,0,0,1,101,0,0,0,0,1,1,59,1,12,0.1889333744285353,2238,0.31198372975216004,0,unreliable
1,-1,0,0,1,0,0,1,113,0,0,0,0,0,1,80,2,12,0.2630276319318142,402,0.00021094056399145744,0,unreliable
1,44,1,0,0,0,0,0,88,0,0,0,1,0,0,98,1,12,0.17480611004384483,1121,0.43168043153777874,0,unreliable
0,33,1,1,1,0,1,1,44,0,0,0,0,0,1,94,5,12,0.2646849721070603,1913,0.3518057406206799,0,unreliable
1,8181,1,0,1,0,1,1,67,0,1,0,1,1,1,87,11,12,0.8762178297349827,789,0.7720246164516765,1,reliable
1,39260,1,0,1,0,1,1,98,1,1,1,1,1,1,78,11,12,0.951943939715499,1102,0.8770803053189722,1,reliable
1,49478,1,1,1,0,1,1,23,1,0,1,1,1,1,55,10,12,0.6814085582805445,3107,0.750645052910353,1,reliable
1,46909,1,0,1,1,1,1,75,1,0,0,1,1,1,64,11,12,0.9889838965078092,503,0.8405106476616957,1,reliable
1,-1,0,0,1,0,1,1,76,0,0,0,1,0,1,75,3,12,0.4232670822639541,950,0.17459764429934205,0,unreliable
1,12682,1,0,1,0,1,1,24,1,0,0,1,1,1,100,9,12,0.6690653388421869,3263,0.8810211403001689,1,reliable
1,999999,0,0,1,0,1,1,55,0,0,0,1,1,1,89,1,12,0.057229721589478234,665,0.38407840398137927,0,unreliable
1,33818,1,0,1,1,1,1,44,1,1,1,1,1,1,59,7,12,0.7735886460421542,2889,0.8485663593117532,1,reliable
0,92,1,1,1,0,0,1,27,0,0,0,1,1,1,62,3,12,0.19248236295121207,1687,0.20148199582695642,0,unreliable
1,17721,1,0,1,0,1,1,88,0,0,0,1,1,1,58,7,12,0.6764610987440368,1553,0.7630094520834165,1,reliable
1,42893,1,1,1,0,1,1,33,0,1,0,1,1,1,25,12,12,0.9661122232774472,1512,0.8936227399064292,1,reliable
1,65,1,1,0,0,1,0,147,0,0,0,0,1,0,55,2,12,0.22854828575392017,767,0.21511166539035131,0,unreliable
1,28653,1,0,1,0,1,1,89,1,0,1,1,1,1,48,10,12,0.9443733271402571,793,0.9348338357128406,1,reliable
1,5472,1,0,1,0,1,1,53,0,0,0,1,1,1,65,8,12,0.6127788275363155,3843,0.9974068429165397,1,reliable
1,38135,1,0,1,1,1,1,150,1,1,1,1,1,1,68,11,12,0.6189747025596939,1610,0.791910617493887,1,reliable
1,17953,1,0,1,0,1,1,121,0,0,1,1,1,1,84,11,12,0.944163915611608,2628,0.9712995801724646,1,reliable
1,-1,0,0,1,0,1,1,56,0,0,0,0,1,1,56,2,12,0.4318349235169898,2516,0.19994209072514973,0,unreliable
1,7107,1,0,1,1,1,1,132,1,0,0,1,1,1,58,12,12,0.8953485320647112,630,0.9975028838689832,1,reliable
0,30,1,0,1,0,0,1,132,0,0,0,0,1,1,46,5,12,0.3639264217152265,2918,0.35327981628260113,0,unreliable
1,97,1,0,1,0,1,1,2,0,0,0,1,0,1,3,4,12,0.14417982799497886,38,0.13976882717852235,0,unreliable
1,30389,1,0,1,1,1,1,96,1,1,0,1,1,1,65,10,12,0.7137486880432776,2315,0.9661915217343008,1,reliable
1,21085,1,1,1,0,1,1,99,0,1,1,1,1,1,71,10,12,0.6383404557268639,3697,0.9966993687662327,1,reliable
1,34398,1,1,1,0,1,1,29,0,1,1,1,1,1,28,11,12,0.7146517384976299,2879,0.8706720956602627,1,reliable
1,10587,1,0,1,0,1,1,50,1,0,1,1,1,1,43,9,12,0.6944779873719971,4676,0.9264659445954452,1,reliable
1,27752,1,1,1,0,1,1,46,1,0,1,1,1,1,48,12,12,0.9530362954885176,3554,0.8095801781721916,1,reliable
1,44152,1,1,1,0,1,1,50,1,1,1,1,1,1,72,9,12,0.7001633503984159,1985,0.7940047317780257,1,reliable
1,41607,1,1,1,0,1,1,31,0,0,1,1,1,1,97,10,12,0.7342724098945899,792,0.894724695915579,1,reliable
1,6811,1,0,1,0,1,1,62,1,0,0,1,1,1,62,8,12,0.8432955368420925,942,0.996485159954468,1,reliable
1,48,1,0,0,0,0,1,26,0,0,0,0,1,1,13,4,12,0.13719679265275114,2883,0.33521732529396797,0,unreliable
1,45832,1,1,1,1,1,1,101,0,0,0,1,1,1,70,7,12,0.8734461184158222,1076,0.9024983333792078,1,reliable
0,54,1,1,1,0,0,1,104,0,0,0,0,0,1,66,3,12,0.272991962164684,674,0.17468996469253428,0,unreliable
1,14787,1,0,1,1,1,1,98,0,1,1,1,1,1,98,11,12,0.902061838313184,527,0.9503983310959265,1,reliable
1,5592,1,0,1,1,1,1,73,0,1,0,1,1,1,95,7,12,0.7856312267670771,4957,0.9091012752207475,1,reliable
1,23362,1,0,1,0,1,1,78,0,0,1,1,1,1,76,9,12,0.9931328929099845,3334,0.8241297217243574,1,reliable
1,0,0,0,1,0,0,1,91,0,0,0,1,0,1,50,2,12,0.25734339688475655,2832,0.4225478429077349,0,unreliable
1,219,1,1,1,0,1,1,74,1,1,0,1,1,1,94,7,12,0.7160292655257601,2703,0.877932171829702,1,reliable
1,14898,1,0,1,1,1,1,28,1,1,1,1,1,1,18,10,12,0.8528044359844942,938,0.7844563094746649,1,reliable
1,73,1,1,1,0,0,1,6,0,0,0,1,0,1,5,5,12,0.39473677122677686,94,0.4918535315411311,0,unreliable
1,35845,1,1,1,1,1,1,147,1,0,1,1,1,1,22,10,12,0.8210407062419349,2792,0.9352290167995001,1,reliable
0,50,1,0,1,0,0,1,76,0,0,0,1,0,1,17,5,12,0.24134508793656645,1802,0.47094645687852976,0,unreliable
1,28240,1,1,1,0,1,1,130,1,1,1,1,1,1,24,10,12,0.8303586829629698,3236,0.7922793159328985,1,reliable
1,22705,1,0,1,1,1,1,51,1,1,1,1,1,1,57,8,12,0.9891560920430288,495,0.9825022612748339,1,reliable
1,4614,1,1,1,0,1,1,36,1,0,1,1,1,1,41,10,12,0.6282204497807166,3519,0.8145591678287853,1,reliable
1,43077,1,0,1,0,1,1,40,1,1,1,1,1,1,42,10,12,0.950483948264575,536,0.9825369823603206,1,reliable
1,41313,1,1,1,1,1,1,145,0,0,0,1,1,1,96,10,12,0.8611723977340522,3278,0.8451208861214665,1,reliable
0,98,1,1,1,0,1,1,99,0,0,0,1,1,1,40,3,12,0.14869052874634248,412,0.2888266301094508,0,unreliable
1,16,1,1,0,0,0,0,56,0,0,0,1,1,0,83,1,12,0.2867289631473295,3696,0.3796580714368383,0,unreliable
1,48369,1,1,1,1,1,1,115,1,0,0,1,1,1,93,7,12,0.7759005328520763,1057,0.7594971296747727,1,reliable
1,88,1,1,1,0,1,1,1,0,0,0,1,0,1,5,1,12,0.39222132332254706,94,0.11077372020595705,0,unreliable
1,8517,1,1,1,1,1,1,35,1,0,1,1,1,1,100,8,12,0.9967025011624508,226,0.7392345160698394,1,reliable
1,25726,1,1,1,1,1,1,85,0,1,0,1,1,1,60,7,12,0.9500166805801628,1144,0.700923892450566,1,reliable
0,35,1,0,1,0,1,1,20,0,0,0,1,1,1,41,5,12,0.2544812479271607,2816,0.16212414197173097,0,unreliable
1,30827,1,1,1,1,1,1,126,1,0,1,1,1,1,81,10,12,0.8399235214326602,3796,0.9229613448832648,1,reliable
1,999999,0,0,1,0,0,1,138,0,0,0,0,0,1,56,4,12,0.1810143094891823,4973,0.2862505618628891,0,unreliable
1,49608,1,1,1,1,1,1,77,1,0,0,1,1,1,54,12,12,0.8465540974038459,4814,0.996577853432147,1,reliable
1,999999,0,0,1,0,0,1,136,0,0,0,1,1,1,90,4,12,0.3780109278517271,3473,0.3345956770314751,0,unreliable
1,999999,0,1,1,0,0,1,61,0,0,0,0,1,1,14,1,12,0.1551191614887491,2128,0.23863192453699217,0,unreliable
1,31642,1,0,1,1,1,1,141,1,0,1,1,1,1,35,9,12,0.8151145502373477,2907,0.79773290740842,1,reliable
1,21834,1,1,1,1,1,1,103,1,0,1,1,1,1,56,11,12,0.759772356334283,731,0.7085634044738365,1,reliable
1,0,0,1,1,0,0,1,71,0,0,0,0,1,1,22,5,12,0.3505442823662131,3103,0.02025273161699287,0,unreliable
1,39444,1,1,1,0,1,1,112,0,1,0,1,1,1,79,7,12,0.9863991359378181,2898,0.721214805761287,1,reliable
1,39,1,1,0,0,0,1,28,0,0,0,1,1,1,64,2,12,0.2534413835500933,3199,0.41787870223519863,0,unreliable
0,14,1,1,1,0,0,1,95,0,0,0,0,1,1,29,4,12,0.3161690269670322,2388,0.09058035493447708,0,unreliable
1,24429,1,0,1,1,1,1,27,0,0,0,1,1,1,82,7,12,0.6476777042676615,4329,0.7945770954192993,1,reliable
1,20330,1,1,1,0,1,1,67,0,0,0,1,1,1,50,10,12,0.6147386095602833,3601,0.7315570072132781,1,reliable
1,49186,1,0,1,0,1,1,68,1,1,0,1,1,1,99,7,12,0.7465154713834876,4254,0.8788625098854232,1,reliable
1,39196,1,1,1,0,1,1,140,0,0,1,1,1,1,72,7,12,0.928459696802277,4033,0.9173772799578996,1,reliable
1,88,1,1,0,0,0,0,103,0,0,0,0,0,0,12,5,12,0.4050433521695804,1759,0.4675138760925787,0,unreliable
1,29,1,0,0,0,0,1,113,0,0,0,0,1,1,55,2,12,0.4441612267146979,3686,0.31562649885015204,0,unreliable
1,1222,1,0,1,1,1,1,128,1,0,0,1,1,1,96,11,12,0.9343742647374687,3228,0.9274248365870408,1,reliable
1,14706,1,0,1,0,1,1,133,1,0,0,1,1,1,32,8,12,0.8916782700653427,1101,0.9131555678115179,1,reliable
1,689,1,1,1,1,1,1,150,0,0,1,1,1,1,43,10,12,0.7518941086373534,1079,0.920393467378871,1,reliable
1,44301,1,0,1,1,1,1,120,0,1,0,1,1,1,45,7,12,0.6193267846089382,1272,0.956441733561127,1,reliable
1,11,1,1,0,0,0,1,67,0,0,0,1,0,1,11,4,12,0.2605553912167655,3418,0.1298400074898416,0,unreliable
0,98,1,1,1,0,0,1,73,0,0,0,1,0,1,49,1,12,0.2642851362413465,2321,0.2786512066613524,0,unreliable
1,12686,1,0,1,1,1,1,138,1,0,0,1,1,1,43,9,12,0.7613049667251158,1876,0.7247121419399103,1,reliable
1,2393,1,1,1,0,1,1,86,1,0,0,1,1,1,20,12,12,0.6955601497033145,4487,0.9858433836358313,1,reliable
1,48,1,1,0,0,0,0,20,0,0,0,0,0,0,96,3,12,0.38833212165473924,1162,0.38948693520703015,0,unreliable
1,43228,1,1,1,0,1,1,43,0,1,0,1,1,1,37,12,12,0.6567914574189354,1633,0.854992121676287,1,reliable
1,5742,1,1,1,0,1,1,22,0,1,0,1,1,1,81,8,12,0.85942807686295,2939,0.9108067435218922,1,reliable
1,27427,1,0,1,0,1,1,128,1,0,0,1,1,1,90,10,12,0.9614103878051355,1338,0.7909741435795713,1,reliable
1,39597,1,1,1,0,1,1,77,1,0,0,1,1,1,63,7,12,0.6834133868309611,3243,0.8935943711431102,1,reliable
1,48920,1,0,1,1,1,1,89,1,0,0,1,1,1,81,10,12,0.9711369225068235,1881,0.8030327196930382,1,reliable
1,35941,1,0,1,1,1,1,121,1,0,1,1,1,1,86,7,12,0.9198490671441066,936,0.8447057781182198,1,reliable
1,42868,1,1,1,0,1,1,83,0,1,1,1,1,1,98,9,12,0.7715818566282012,1300,0.9240441274482686,1,reliable
1,42385,1,1,1,1,1,1,34,0,0,0,1,1,1,40,12,12,0.92023418043643,1221,0.9900805164540154,1,reliable
1,89,1,0,0,0,0,1,48,0,0,0,1,1,1,65,1,12,0.142682258316142,1207,0.04188545578458919,0,unreliable
1,32433,1,0,1,1,1,1,62,1,1,0,1,1,1,44,12,12,0.8258712230186369,2680,0.7692371582743901,1,reliable
1,59,1,1,1,0,1,1,0,0,0,0,0,0,1,4,5,12,0.43669022052587503,15,0.2792508254469961,0,unreliable
1,0,0,1,1,0,0,1,28,0,0,0,1,0,1,53,1,12,0.2127193365031687,3400,0.3324406216409058,0,unreliable
1,39101,1,1,1,1,1,1,125,0,1,1,1,1,1,70,7,12,0.7544240865223524,2436,0.9612209460164063,1,reliable
1,12,1,0,1,0,0,1,4,0,0,0,1,0,1,3,5,12,0.16359972900176106,15,0.45923065640268373,0,unreliable
1,7495,1,1,1,1,1,1,24,0,1,1,1,1,1,96,10,12,0.7697708200561586,996,0.9831810394913407,1,reliable
1,42240,1,1,1,1,1,1,37,0,1,1,1,1,1,51,9,12,0.9412482257178515,4859,0.7796747996085517,1,reliable
1,32657,1,1,1,1,1,1,130,1,0,0,1,1,1,32,12,12,0.7449256772232473,2929,0.8370241614083253,1,reliable
1,11620,1,1,1,1,1,1,95,0,0,0,1,1,1,90,9,12,0.8972628368075771,3571,0.93467172808801,1,reliable
1,7203,1,0,1,1,1,1,48,1,0,1,1,1,1,89,8,12,0.6801323042944936,2762,0.9310792707676755,1,reliable
1,15615,1,1,1,1,1,1,101,0,0,0,1,1,1,63,11,12,0.6660473917856516,283,0.784683095407589,1,reliable
1,22578,1,0,1,0,1,1,57,0,1,1,1,1,1,93,9,12,0.6762050112520345,1298,0.9516616894862637,1,reliable
1,88,1,0,0,0,0,1,46,0,0,0,0,0,1,61,5,12,0.33601908857699614,4339,0.4809862974307872,0,unreliable
1,7169,1,0,1,0,1,1,45,1,0,1,1,1,1,32,10,12,0.6409217003691544,3838,0.8892619474953563,1,reliable
1,3747,1,1,1,1,1,1,36,0,1,0,1,1,1,75,10,12,0.7316300270075387,2665,0.8941408643143387,1,reliable
1,20898,1,1,1,0,1,1,78,0,0,0,1,1,1,67,10,12,0.6307702302191791,1089,0.7796032577680095,1,reliable
1,46688,1,1,1,1,1,1,33,1,0,1,1,1,1,32,11,12,0.8862634180713801,231,0.7758791587193925,1,reliable
1,41549,1,0,1,1,1,1,72,1,1,0,1,1,1,23,12,12,0.9084462357964637,401,0.899311913177649,1,reliable
1,43,1,1,1,0,1,1,3,0,0,0,1,0,1,4,3,12,0.3578022478084319,15,0.3801872995330912,0,unreliable
1,999999,0,0,1,0,1,1,85,0,0,0,0,1,1,44,4,12,0.10160531496010693,1634,0.11897253690772208,0,unreliable
1,24150,1,0,1,0,1,1,70,0,1,1,1,1,1,88,7,12,0.7624149962208518,1866,0.9906257980140802,1,reliable
0,95,1,0,1,0,0,1,120,0,0,0,1,1,1,14,2,12,0.24690774030292378,3733,0.2944473151561919,0,unreliable
1,28062,1,1,1,1,1,1,37,1,0,1,1,1,1,73,8,12,0.9799698833694298,4645,0.9557340886497829,1,reliable
1,23,1,0,0,0,0,1,115,0,0,0,1,0,1,43,3,12,0.37840900304312536,2080,0.17228413966531947,0,unreliable
1,26,1,0,0,0,0,1,50,0,0,0,1,1,1,28,3,12,0.39808165813751845,304,0.19312842908937555,0,unreliable
1,28591,1,0,1,1,1,1,123,0,0,0,1,1,1,90,12,12,0.9024069387917859,2150,0.8833941545859721,1,reliable
0,27,1,1,1,0,0,1,30,0,0,0,0,0,1,89,3,12,0.35133970510629403,2999,0.09217841053652098,0,unreliable
1,27,1,1,0,0,0,1,91,0,0,0,0,0,1,61,2,12,0.19337293903622033,2893,0.07326950652801978,0,unreliable
1,37,1,0,0,0,0,1,127,0,0,0,1,0,1,51,2,12,0.14237357121864785,670,0.3899065090359384,0,unreliable
1,7591,1,1,1,1,1,1,28,1,0,1,1,1,1,10,12,12,0.9950644225422796,4399,0.8804689913870615,1,reliable
1,11303,1,0,1,0,1,1,129,1,0,0,1,1,1,79,9,12,0.6077715628769662,802,0.7584827900163792,1,reliable
1,40901,1,1,1,0,1,1,106,1,0,0,1,1,1,41,9,12,0.777963104109636,4808,0.8582477704803931,1,reliable
1,6,1,1,0,0,0,0,31,0,0,0,1,0,0,73,2,12,0.37131609391672926,4644,0.08860064474619544,0,unreliable
1,4631,1,1,1,1,1,1,46,0,0,0,1,1,1,29,12,12,0.8259726142863584,1721,0.7675850745137786,1,reliable
1,24063,1,0,1,0,1,1,27,1,0,0,1,1,1,17,7,12,0.8488192745886117,4442,0.7442525263113119,1,reliable
1,6,1,1,0,0,0,1,91,0,0,0,1,1,1,10,2,12,0.30680570411605546,1758,0.3591698181297492,0,unreliable
1,12873,1,0,1,0,1,1,49,0,0,0,1,1,1,67,10,12,0.9559073854114086,4803,0.8675285415068844,1,reliable
0,26,1,0,1,0,1,1,150,0,0,0,1,1,1,58,1,12,0.24334576680982534,789,0.2627064823168261,0,unreliable
1,-1,0,1,1,0,1,1,58,0,0,0,0,0,1,46,1,12,0.17683115698052937,4681,0.14268776339607542,0,unreliable
1,34972,1,0,1,0,1,1,130,1,1,1,1,1,1,86,9,12,0.9728193447795453,4559,0.9364344205409888,1,reliable
1,39814,1,1,1,0,1,1,143,0,0,0,1,1,1,77,8,12,0.6862398631173123,3907,0.7470117751017015,1,reliable
1,14941,1,1,1,0,1,1,109,0,0,1,1,1,1,10,7,12,0.7804393028909916,3370,0.7077362606649888,1,reliable
1,9154,1,0,1,0,1,1,96,0,1,0,1,1,1,41,12,12,0.7021771478845243,1652,0.7965657821043189,1,reliable
1,59,1,1,0,0,0,0,36,0,0,0,0,0,0,72,4,12,0.3340870685095537,1122,0.29157794104167295,0,unreliable
1,34,1,1,0,0,0,0,26,0,0,0,1,0,0,42,1,12,0.11271925508785047,3620,0.26962883838218094,0,unreliable
1,12748,1,1,1,0,1,1,118,1,1,0,1,1,1,60,9,12,0.8448866470260558,1257,0.7656374241677086,1,reliable
1,44438,1,1,1,0,1,1,40,0,1,0,1,1,1,66,7,12,0.9008692215533461,3814,0.9610744965604383,1,reliable
1,64,1,1,0,0,0,1,104,0,0,0,1,0,1,96,5,12,0.19571528809225697,504,0.2842237191636676,0,unreliable
1,15599,1,0,1,0,1,1,145,1,0,1,1,1,1,94,7,12,0.8126256202392528,1247,0.8871956555213927,1,reliable
1,11163,1,0,1,0,1,1,121,1,0,1,1,1,1,22,9,12,0.861794397647726,378,0.8035599993402641,1,reliable
1,47,1,1,1,0,1,1,4,0,0,0,1,0,1,3,5,12,0.09609962197916287,98,0.05989519626377415,0,unreliable
0,23,1,1,1,0,1,1,73,0,0,0,1,0,1,26,5,12,0.055947684772974605,2129,0.15362569407851928,0,unreliable
1,2884,1,1,1,0,1,1,51,1,0,1,1,1,1,59,7,12,0.7483265436871387,3191,0.8989364237709577,1,reliable
1,28,1,0,0,0,0,1,121,0,0,0,1,0,1,72,3,12,0.37424572192133354,2196,0.08976426157489842,0,unreliable
1,999999,0,1,1,0,0,1,109,0,0,0,0,1,1,18,2,12,0.06318984158947778,3276,0.44320453300146045,0,unreliable
1,42,1,1,0,0,0,0,120,0,0,0,1,0,0,22,3,12,0.15446994346326876,3456,0.28614222674848283,0,unreliable
1,13154,1,0,1,0,1,1,125,0,1,1,1,1,1,83,7,12,0.9778974551408769,3830,0.9364024629981335,1,reliable
1,83,1,1,0,0,0,0,37,0,0,0,0,0,0,67,5,12,0.4421382077980939,1144,0.2462642241982413,0,unreliable
0,5,1,1,1,0,1,1,84,0,0,0,0,1,1,86,2,12,0.28216895863655006,2896,0.2705658164060079,0,unreliable
1,33361,1,1,1,0,1,1,110,1,0,0,1,1,1,53,12,12,0.9564964575805623,3281,0.7121845467190491,1,reliable
1,28931,1,1,1,0,1,1,49,1,0,0,1,1,1,53,10,12,0.8708549479016048,1136,0.8350573528409543,1,reliable
1,2483,1,0,1,1,1,1,136,1,0,1,1,1,1,24,10,12,0.7490865767073083,458,0.9857295295608486,1,reliable
1,999999,0,1,1,0,1,1,27,0,0,0,1,1,1,21,4,12,0.2642512119191164,4305,0.2878147029664281,0,unreliable
1,41243,1,0,1,0,1,1,125,1,0,1,1,1,1,76,12,12,0.8224706020904007,2403,0.8343703454360676,1,reliable
0,18,1,0,1,0,0,1,137,0,0,0,1,0,1,32,5,12,0.09531029907165248,3388,0.2688028037861729,0,unreliable
1,32958,1,0,1,1,1,1,143,1,1,1,1,1,1,77,12,12,0.7093946593937742,4578,0.943309310464312,1,reliable
1,35513,1,0,1,1,1,1,36,0,0,0,1,1,1,10,8,12,0.8121614003183962,1300,0.7442260728367475,1,reliable
1,38685,1,0,1,1,1,1,125,1,0,0,1,1,1,66,12,12,0.9077221596175831,3418,0.8480520926674181,1,reliable
1,36117,1,0,1,1,1,1,138,0,1,1,1,1,1,83,12,12,0.8058053981206312,752,0.7578418501178776,1,reliable
1,40319,1,0,1,1,1,1,76,1,1,1,1,1,1,78,9,12,0.9669735653689254,1927,0.8275737428286025,1,reliable
1,38,1,1,0,0,0,0,102,0,0,0,1,0,0,54,5,12,0.23574374548592397,2797,0.0645186890674102,0,unreliable
1,12999,1,1,1,0,1,1,28,0,0,0,1,1,1,21,11,12,0.9767833576800968,3601,0.9070643579044688,1,reliable
1,43747,1,1,1,1,1,1,112,1,0,1,1,1,1,37,10,12,0.7050728428531036,3567,0.9918426128055031,1,reliable
1,23645,1,0,1,1,1,1,131,1,0,1,1,1,1,88,8,12,0.7225224719887451,4607,0.8542903734786031,1,reliable
1,28348,1,0,1,0,1,1,121,0,0,1,1,1,1,33,11,12,0.9305171639562396,1945,0.8915023992741615,1,reliable
1,17087,1,1,1,0,1,1,31,0,1,0,1,1,1,70,12,12,0.812788034145698,355,0.8288533853932074,1,reliable
1,3950,1,0,1,0,1,1,64,0,0,1,1,1,1,18,12,12,0.730884596321754,3710,0.9720725058967963,1,reliable
1,12921,1,1,1,1,1,1,41,0,1,0,1,1,1,71,8,12,0.6403163389359031,3842,0.7156941140303721,1,reliable
1,15482,1,0,1,1,1,1,52,1,0,0,1,1,1,88,7,12,0.6057308589316884,4923,0.8111496577783734,1,reliable
1,37025,1,0,1,0,1,1,28,0,1,0,1,1,1,68,7,12,0.8376629798380614,797,0.7385952008982303,1,reliable
1,999999,0,0,1,0,0,1,120,0,0,0,1,1,1,17,5,12,0.19691282135450278,4862,0.14261879110946335,0,unreliable
1,44660,1,0,1,0,1,1,144,1,0,1,1,1,1,87,8,12,0.6172955197496383,4062,0.9428775023130437,1,reliable
1,22740,1,1,1,0,1,1,81,0,1,0,1,1,1,47,9,12,0.6403216347847548,1625,0.7559296790455508,1,reliable
1,24878,1,1,1,1,1,1,61,0,1,0,1,1,1,93,11,12,0.7843146748349673,366,0.7678181155363528,1,reliable
1,88,1,1,1,0,0,1,5,0,0,0,0,0,1,3,3,12,0.4419703965598049,24,0.36093688201928814,0,unreliable
1,71,1,0,1,0,0,1,4,0,0,0,0,0,1,4,5,12,0.21100542508062353,79,0.022203571044365544,0,unreliable
1,36,1,0,0,0,0,0,130,0,0,0,1,1,0,14,1,12,0.3014754666957037,2160,0.4252457703876875,0,unreliable
1,35909,1,0,1,1,1,1,22,1,0,0,1,1,1,66,10,12,0.8863842060869613,2582,0.8019822324969669,1,reliable
1,1630,1,0,1,0,1,1,20,0,0,0,1,1,1,92,11,12,0.6323711520192973,2987,0.823122358796836,1,reliable
1,83,1,0,1,0,0,1,0,0,0,0,0,0,1,0,5,12,0.3443353797419674,33,0.08245366733796966,0,unreliable
1,92,1,0,1,0,1,1,4,0,0,0,1,0,1,3,1,12,0.294354977431873,44,0.34374019744137796,0,unreliable
1,5309,1,0,1,0,1,1,111,0,1,1,1,1,1,75,9,12,0.9941736658638991,2282,0.7375471551895402,1,reliable
1,10472,1,0,1,1,1,1,77,1,0,0,1,1,1,86,10,12,0.8270578862147332,4948,0.88295858963602,1,reliable
1,17336,1,1,1,1,1,1,67,1,0,1,1,1,1,89,12,12,0.730882300462648,3414,0.9140909279233712,1,reliable
1,7834,1,1,1,0,1,1,49,1,0,0,1,1,1,50,10,12,0.9736823839974506,4868,0.7074656514115881,1,reliable
1,19,1,0,1,0,0,1,1,0,0,0,0,0,1,1,4,12,0.3598667882977415,87,0.1111316281249341,0,unreliable
1,69,1,0,0,0,1,0,50,0,0,0,0,1,0,80,5,12,0.26683080353233446,452,0.26158755074458306,0,unreliable
1,11979,1,0,1,1,1,1,148,1,1,0,1,1,1,73,8,12,0.6314940693885326,3571,0.9536241469901572,1,reliable
1,17637,1,1,1,0,1,1,127,0,0,1,1,1,1,65,12,12,0.803176037761584,2812,0.9768173253932827,1,reliable
1,41,1,0,0,0,0,0,117,0,0,0,1,0,0,88,3,12,0.3022141501958831,3077,0.2568673500235102,0,unreliable
1,29765,1,0,1,0,1,1,127,1,1,0,1,1,1,15,9,12,0.9807026509400478,2797,0.7188197831353851,1,reliable
1,45113,1,1,1,1,1,1,36,0,1,0,1,1,1,59,10,12,0.668293776854309,2002,0.9583129729469848,1,reliable
1,-1,0,0,1,0,0,1,120,0,0,0,0,1,1,43,4,12,0.18993172492769855,898,0.4029241367206355,0,unreliable
1,41336,1,1,1,1,1,1,60,1,0,0,1,1,1,68,12,12,0.8764127757031583,4835,0.9839153723014867,1,reliable
0,14,1,0,1,0,1,1,107,0,0,0,0,0,1,55,4,12,0.12673169967015477,2859,0.08059654846641401,0,unreliable
1,27287,1,1,1,0,1,1,94,0,1,1,1,1,1,56,7,12,0.8402881468178427,1810,0.8855116678125525,1,reliable
1,40750,1,1,1,0,1,1,132,1,1,0,1,1,1,43,12,12,0.7178506878107165,2742,0.8183803169728483,1,reliable
1,19978,1,1,1,1,1,1,109,0,0,1,1,1,1,38,10,12,0.6724763030482382,4089,0.7499294979712994,1,reliable
1,49795,1,0,1,0,1,1,31,1,0,0,1,1,1,52,9,12,0.8382918698437037,4649,0.8344196047013273,1,reliable
1,5,1,0,0,0,0,1,96,0,0,0,0,1,1,63,3,12,0.42885640583534285,2279,0.0015474817793569295,0,unreliable
1,39671,1,1,1,1,1,1,95,1,1,1,1,1,1,22,8,12,0.6785768180199349,3854,0.7611757372368955,1,reliable
1,5263,1,1,1,1,1,1,68,1,0,1,1,1,1,50,8,12,0.6885117617519854,4444,0.785911685025221,1,reliable
1,33,1,0,0,0,0,1,89,0,0,0,0,1,1,71,3,12,0.16425012613298884,2390,0.45581683263292555,0,unreliable
0,86,1,0,1,0,0,1,148,0,0,0,0,1,1,42,1,12,0.16030970703106906,1854,0.47689244040108497,0,unreliable
1,42653,1,0,1,1,1,1,64,1,1,0,1,1,1,78,11,12,0.6912479734269614,3952,0.742163615084144,1,reliable
1,48901,1,1,1,0,1,1,65,1,0,0,1,1,1,66,11,12,0.7891405484670494,224,0.7145899883505276,1,reliable
1,35485,1,0,1,1,1,1,77,0,1,0,1,1,1,46,7,12,0.7077540277938652,1053,0.8398358361543049,1,reliable
1,22500,1,1,1,1,1,1,95,0,1,0,1,1,1,56,9,12,0.8692646956827208,3989,0.9624174589571688,1,reliable
1,42186,1,0,1,1,1,1,58,1,0,0,1,1,1,35,12,12,0.7642046150021407,2591,0.8954566590123872,1,reliable
1,25916,1,0,1,0,1,1,112,0,1,1,1,1,1,82,8,12,0.8877776524023899,4247,0.8907667011319035,1,reliable
1,36997,1,0,1,1,1,1,80,1,0,0,1,1,1,76,12,12,0.9484218577233618,4856,0.862863613594548,1,reliable
1,45690,1,1,1,1,1,1,115,0,0,0,1,1,1,54,10,12,0.7393510066332611,1242,0.8338121456039768,1,reliable
1,45330,1,0,1,1,1,1,112,0,1,1,1,1,1,45,12,12,0.9951984354657158,1111,0.8171418064547218,1,reliable
1,999999,0,1,1,0,1,1,138,0,0,0,0,0,1,55,4,12,0.41664679628809403,4332,0.09990292583932331,0,unreliable
1,95,1,1,1,0,0,1,3,0,0,0,1,0,1,0,4,12,0.19048558206961042,22,0.16037778437473887,0,unreliable
1,25054,1,1,1,0,1,1,67,0,0,1,1,1,1,77,8,12,0.909489922137832,553,0.7280299424224557,1,reliable
1,41299,1,0,1,1,1,1,78,1,1,0,1,1,1,89,7,12,0.6090249591520192,4167,0.7621950206245256,1,reliable
0,6,1,1,1,0,0,1,95,0,0,0,1,0,1,38,2,12,0.359996754097778,2955,0.09738271417001937,0,unreliable
1,21161,1,0,1,0,1,1,98,1,1,0,1,1,1,57,7,12,0.7886873974363883,1976,0.9384627737547918,1,reliable
1,10088,1,1,1,1,1,1,34,0,1,1,1,1,1,70,9,12,0.967461219252357,839,0.8460842205510675,1,reliable
1,29644,1,0,1,1,1,1,138,0,1,1,1,1,1,86,12,12,0.7893276051472276,3706,0.8645038653563294,1,reliable
1,19936,1,1,1,0,1,1,97,0,1,1,1,1,1,62,10,12,0.8600502885002352,3042,0.9146594818726783,1,reliable
1,30828,1,1,1,1,1,1,45,0,0,0,1,1,1,88,8,12,0.8172414963978448,4525,0.8052308582131104,1,reliable
1,33281,1,0,1,0,1,1,143,0,0,0,1,1,1,46,10,12,0.8255740551060026,2133,0.9918537846615854,1,reliable
1,1468,1,1,1,0,1,1,48,0,1,0,1,1,1,50,9,12,0.6262001586528487,1419,0.7679163707251824,1,reliable
1,-1,0,0,1,0,0,1,95,0,0,0,0,0,1,87,4,12,0.057054212173291145,4357,0.2692755722235531,0,unreliable
1,16,1,1,0,0,0,1,24,0,0,0,1,0,1,72,4,12,0.4097360281245038,1626,0.48176784999697825,0,unreliable
0,68,1,0,1,0,1,1,43,0,0,0,0,1,1,51,4,12,0.3302092198777584,309,0.3560633031573569,0,unreliable
1,42307,1,1,1,0,1,1,148,1,1,0,1,1,1,24,10,12,0.7534563099713353,973,0.7520056529442397,1,reliable
1,42490,1,1,1,0,1,1,87,1,0,1,1,1,1,43,8,12,0.6959730258651641,3156,0.7025631223006741,1,reliable
1,3236,1,0,1,1,1,1,80,1,1,0,1,1,1,64,12,12,0.9648111782769844,2797,0.8978869658431292,1,reliable
1,27694,1,1,1,1,1,1,148,1,0,1,1,1,1,52,10,12,0.6435958736261773,4214,0.7188375295256194,1,reliable
1,48686,1,0,1,1,1,1,38,1,1,0,1,1,1,80,7,12,0.887293685615266,725,0.8520984652222922,1,reliable
1,22522,1,1,1,1,1,1,51,1,1,1,1,1,1,15,11,12,0.9808445430642289,3645,0.7705744222711854,1,reliable
0,20,1,0,1,0,1,1,25,0,0,0,1,1,1,66,5,12,0.32928301352395406,259,0.23949698353818133,0,unreliable
1,18060,1,0,1,1,1,1,95,0,0,0,1,1,1,68,11,12,0.803379321849579,2267,0.8401867312726452,1,reliable
1,35146,1,0,1,1,1,1,140,1,0,0,1,1,1,34,12,12,0.878796422584253,1599,0.9296219974975948,1,reliable
1,35404,1,1,1,0,1,1,137,1,0,0,1,1,1,69,8,12,0.9407294812817768,3419,0.91088418762678,1,reliable
1,36472,1,1,1,1,1,1,132,1,0,0,1,1,1,45,7,12,0.793163028457802,3114,0.7853011217179429,1,reliable
1,22433,1,0,1,1,1,1,124,0,1,0,1,1,1,93,7,12,0.9746953732702774,2250,0.9006594574906517,1,reliable
1,17754,1,0,1,1,1,1,68,0,0,0,1,1,1,58,11,12,0.8882586376435168,3459,0.877341940835499,1,reliable
1,7312,1,1,1,0,1,1,56,1,0,1,1,1,1,29,9,12,0.825280363666986,547,0.9215250378809441,1,reliable
1,33345,1,0,1,1,1,1,82,0,1,0,1,1,1,14,9,12,0.9681107311689039,4431,0.9121146319440957,1,reliable
1,12163,1,0,1,0,1,1,39,1,1,0,1,1,1,21,12,12,0.6355040411597069,518,0.8306675233849372,1,reliable
1,0,0,0,1,0,0,1,113,0,0,0,1,1,1,84,2,12,0.07827765131082738,4551,0.07520655829518064,0,unreliable
1,29606,1,0,1,1,1,1,94,0,0,0,1,1,1,39,9,12,0.9875919195052519,654,0.7733771597309934,1,reliable
0,88,1,0,1,0,0,1,141,0,0,0,0,1,1,32,2,12,0.3780164113809549,4345,0.06338828928080831,0,unreliable
1,2296,1,1,1,0,1,1,136,1,1,0,1,1,1,52,9,12,0.909071124888676,4266,0.9990837095251733,1,reliable
1,39857,1,0,1,1,1,1,95,1,0,1,1,1,1,56,10,12,0.958023105581656,2123,0.7130485525351399,1,reliable
1,36690,1,0,1,1,1,1,100,1,0,0,1,1,1,11,10,12,0.9380573202420818,4301,0.9020314220955875,1,reliable
1,6764,1,0,1,1,1,1,45,0,0,0,1,1,1,76,7,12,0.8033257108732227,309,0.8938736740650159,1,reliable
1,22665,1,1,1,0,1,1,48,0,1,1,1,1,1,47,12,12,0.6543236034402828,2221,0.8839724083155615,1,reliable
1,22370,1,1,1,1,1,1,42,1,1,0,1,1,1,89,8,12,0.7390241653800991,3827,0.7644320026613995,1,reliable
1,14893,1,0,1,0,1,1,132,0,0,0,1,1,1,31,10,12,0.7791352244320572,2096,0.8999113487341107,1,reliable
1,34626,1,1,1,1,1,1,97,0,0,0,1,1,1,91,7,12,0.8826137056263055,1798,0.9424506466698717,1,reliable
1,82,1,0,0,0,1,0,66,0,0,0,1,0,0,19,1,12,0.19455742327442288,1869,0.016947142079994315,0,unreliable
1,3017,1,0,1,0,1,1,142,1,1,0,1,1,1,100,12,12,0.7378924494660594,668,0.9925412629900111,1,reliable
1,74,1,1,1,0,1,1,7,0,0,0,0,0,1,3,2,12,0.21220537918964205,54,0.3400920449252415,0,unreliable
1,21849,1,0,1,1,1,1,141,1,0,1,1,1,1,15,12,12,0.928501569638251,3996,0.7925563037254285,1,reliable
1,3584,1,1,1,1,1,1,79,1,1,1,1,1,1,58,9,12,0.839687274220118,4344,0.8449959412956243,1,reliable
1,63,1,0,0,0,0,1,125,0,0,0,1,0,1,92,3,12,0.3089100033869852,585,0.22079759188748166,0,unreliable
1,9035,1,0,1,1,1,1,63,0,0,0,1,1,1,44,12,12,0.6789200518055487,4177,0.9935638382661661,1,reliable
1,999999,0,1,1,0,1,1,103,0,0,0,0,0,1,55,1,12,0.12422647914899342,2233,0.16606427623103476,0,unreliable
1,29258,1,1,1,0,1,1,110,0,0,0,1,1,1,81,8,12,0.8857438175493879,1455,0.7502935234827722,1,reliable
1,23012,1,1,1,1,1,1,41,0,0,1,1,1,1,25,7,12,0.7934478676746304,3227,0.7926976515408194,1,reliable
1,31044,1,0,1,0,1,1,28,1,1,1,1,1,1,64,12,12,0.6346102232000982,1149,0.8517849877037464,1,reliable
1,74,1,1,0,0,0,1,111,0,0,0,0,1,1,19,2,12,0.258919214203456,2783,0.0383104374627079,0,unreliable
1,42541,1,0,1,0,1,1,101,1,0,0,1,1,1,35,9,12,0.7089781762879104,643,0.7446836451097497,1,reliable
1,37368,1,0,1,1,1,1,39,0,1,1,1,1,1,15,7,12,0.9309099043435387,997,0.9545410325812003,1,reliable
1,4201,1,0,1,0,1,1,93,1,1,0,1,1,1,49,12,12,0.6508819270442323,2206,0.9934717194190641,1,reliable
1,12550,1,0,1,1,1,1,147,0,1,1,1,1,1,33,10,12,0.9580649894645471,4576,0.8550371296436039,1,reliable
0,64,1,0,1,0,0,1,56,0,0,0,1,1,1,85,2,12,0.15302808953650127,553,0.038352320006708795,0,unreliable
1,3133,1,1,1,1,1,1,140,1,0,1,1,1,1,50,10,12,0.9182051810508958,2938,0.7332650932946989,1,reliable
1,34255,1,1,1,1,1,1,88,1,1,0,1,1,1,45,9,12,0.6766420562098636,4835,0.7303354875852597,1,reliable
1,46479,1,0,1,0,1,1,51,0,1,1,1,1,1,56,9,12,0.631025016667921,2149,0.7360260945199053,1,reliable
1,94,1,0,1,0,0,1,2,0,0,0,1,0,1,3,3,12,0.1895543967950154,25,0.4220433663458124,0,unreliable
0,12,1,0,1,0,0,1,82,0,0,0,0,1,1,100,4,12,0.1752868325026884,3176,0.35109811286955805,0,unreliable
1,32274,1,0,1,0,1,1,138,0,1,0,1,1,1,25,7,12,0.6392917244394004,4332,0.8002517454406742,1,reliable
1,12499,1,0,1,1,1,1,121,0,0,0,1,1,1,30,10,12,0.633173336132948,4276,0.8092471413822726,1,reliable
1,42,1,1,1,0,0,1,7,0,0,0,0,0,1,3,1,12,0.436187117051332,94,0.39755394604813354,0,unreliable
1,48268,1,0,1,0,1,1,130,0,1,1,1,1,1,87,11,12,0.942305748198908,1639,0.7071390158776045,1,reliable
1,13239,1,1,1,1,1,1,137,0,0,1,1,1,1,61,9,12,0.6732008340765135,523,0.702032618397219,1,reliable
1,36202,1,1,1,0,1,1,108,1,1,0,1,1,1,67,7,12,0.9846939669726147,4802,0.8328218300365536,1,reliable
1,6795,1,1,1,1,1,1,26,1,0,0,1,1,1,22,10,12,0.6411403655402523,2321,0.9405044259765327,1,reliable
1,45316,1,0,1,0,1,1,73,0,1,0,1,1,1,18,12,12,0.6296592992494586,2903,0.7996956082171756,1,reliable
1,-1,0,0,1,0,0,1,63,0,0,0,0,0,1,99,5,12,0.2633179413881552,4317,0.02485990540366595,0,unreliable
1,18623,1,0,1,0,1,1,145,1,1,0,1,1,1,87,10,12,0.7669563762837018,220,0.9978365109224124,1,reliable
1,20435,1,1,1,0,1,1,28,0,1,1,1,1,1,89,7,12,0.7815415065867225,1734,0.8000304596022225,1,reliable
1,36407,1,1,1,0,1,1,59,0,0,1,1,1,1,73,8,12,0.9014344644078534,1449,0.8703617059750921,1,reliable
1,18906,1,0,1,1,1,1,129,1,0,0,1,1,1,56,12,12,0.8858752174309102,4004,0.8596565284602471,1,reliable
1,1274,1,0,1,1,1,1,81,0,1,1,1,1,1,36,7,12,0.6533782293950463,4553,0.748223872907065,1,reliable
1,83,1,0,1,0,1,1,2,0,0,0,0,0,1,3,2,12,0.2714588900997788,16,0.14300833448928035,0,unreliable
1,25505,1,1,1,0,1,1,33,1,0,0,1,1,1,56,12,12,0.6363208860236865,651,0.9950792281002885,1,reliable
1,72,1,1,0,0,0,1,91,0,0,0,1,1,1,95,4,12,0.2557235420772962,3427,0.2962154859428773,0,unreliable
1,34620,1,1,1,0,1,1,125,1,1,1,1,1,1,57,8,12,0.8534401291149629,3064,0.7152157731506548,1,reliable
0,53,1,0,1,0,1,1,31,0,0,0,1,1,1,46,1,12,0.13648785347373188,4625,0.18865610965643898,0,unreliable
1,46469,1,0,1,1,1,1,67,0,0,0,1,1,1,92,7,12,0.7178417747315087,343,0.9955243329113225,1,reliable
1,34767,1,1,1,1,1,1,87,0,1,0,1,1,1,44,12,12,0.618016080278687,1549,0.861450652864628,1,reliable
1,34061,1,0,1,0,1,1,67,1,1,0,1,1,1,81,12,12,0.6505918336058653,2527,0.77809508194396,1,reliable
1,29604,1,0,1,1,1,1,55,0,0,1,1,1,1,36,8,12,0.7713297362647263,2870,0.8544514925678158,1,reliable
1,7710,1,1,1,1,1,1,71,1,0,0,1,1,1,33,12,12,0.7545813169881548,2176,0.886496132312126,1,reliable
1,34676,1,0,1,0,1,1,144,0,1,1,1,1,1,15,9,12,0.888255275370915,2621,0.945679120911515,1,reliable
1,28296,1,0,1,0,1,1,65,0,0,1,1,1,1,60,12,12,0.6465808028422382,3378,0.9380359468189658,1,reliable
1,9985,1,0,1,0,1,1,43,1,0,0,1,1,1,44,10,12,0.7654594250427961,1668,0.977535193346659,1,reliable
1,29819,1,0,1,0,1,1,84,0,0,0,1,1,1,57,12,12,0.8520469385691325,401,0.9254331433063608,1,reliable
1,15,1,0,0,0,0,0,121,0,0,0,0,0,0,27,3,12,0.37833460935776125,2285,0.32286367444486513,0,unreliable
1,25178,1,1,1,1,1,1,68,1,0,0,1,1,1,45,9,12,0.7844851760631133,1019,0.8796323677931042,1,reliable
1,73,1,0,0,0,1,0,82,0,0,0,0,0,0,15,5,12,0.2363902240469284,2661,0.02167336381590096,0,unreliable
1,33063,1,1,1,1,1,1,150,0,0,0,1,1,1,99,11,12,0.8320222147670223,1089,0.7441759160259709,1,reliable
1,2096,1,1,1,0,1,1,75,0,1,0,1,1,1,79,11,12,0.615875294194563,821,0.7124790895410432,1,reliable
1,7,1,1,0,0,0,1,27,0,0,0,0,0,1,40,2,12,0.1527904172656755,3865,0.017958347480693082,0,unreliable
1,21581,1,0,1,1,1,1,67,0,0,0,1,1,1,47,9,12,0.9732158671482357,2581,0.7344694130347661,1,reliable
1,29866,1,1,1,1,1,1,149,0,1,1,1,1,1,99,10,12,0.8516017679885677,4313,0.7157613116977024,1,reliable
1,25880,1,1,1,1,1,1,61,1,0,1,1,1,1,20,9,12,0.6733993730821546,3727,0.8031704779667685,1,reliable
1,30023,1,1,1,1,1,1,139,1,0,1,1,1,1,32,9,12,0.8896152209305732,4028,0.7607461931598233,1,reliable
1,2606,1,1,1,1,1,1,122,1,1,1,1,1,1,98,10,12,0.7765121258380664,4332,0.9525845633711966,1,reliable
1,18996,1,0,1,1,1,1,137,0,0,0,1,1,1,82,9,12,0.9057040303933693,1640,0.9413882509003311,1,reliable
1,70,1,0,0,0,0,1,104,0,0,0,1,0,1,73,3,12,0.4127383655177073,2202,0.03935026044458417,0,unreliable
1,50,1,0,0,0,0,0,101,0,0,0,1,0,0,57,3,12,0.2444188406124343,4281,0.3081426970581574,0,unreliable
0,52,1,1,1,0,1,1,82,0,0,0,1,0,1,13,4,12,0.1992796578377491,3489,0.3128422894973224,0,unreliable
1,40397,1,0,1,0,1,1,128,0,0,0,1,1,1,37,12,12,0.9897894868044232,3009,0.894488361620619,1,reliable
1,25865,1,0,1,1,1,1,59,0,0,1,1,1,1,13,10,12,0.8810439746424656,2303,0.753079323408082,1,reliable
1,28103,1,0,1,0,1,1,122,0,1,1,1,1,1,30,8,12,0.6482104954236817,2657,0.8145003466497124,1,reliable
1,4,1,1,0,0,0,0,67,0,0,0,1,0,0,29,2,12,0.1908955293525001,846,0.28948038881034055,0,unreliable
1,18398,1,1,1,1,1,1,39,0,0,1,1,1,1,35,10,12,0.6490537244054829,2157,0.948464017150642,1,reliable
1,32165,1,0,1,0,1,1,97,0,1,1,1,1,1,33,9,12,0.7641738586968897,4255,0.823997735641483,1,reliable
1,0,0,1,1,0,1,1,42,0,0,0,0,0,1,32,2,12,0.07407267293616858,1212,0.24706742949565702,0,unreliable
1,32313,1,0,1,0,1,1,82,0,0,0,1,1,1,88,12,12,0.8870188813273976,4648,0.8635923866593284,1,reliable
1,39044,1,1,1,0,1,1,101,1,0,1,1,1,1,30,10,12,0.8988612765106783,3082,0.971786684336277,1,reliable
1,8173,1,0,1,0,1,1,106,0,1,1,1,1,1,83,11,12,0.8446520996092142,605,0.8297935147845155,1,reliable
1,45681,1,0,1,1,1,1,47,0,0,1,1,1,1,20,11,12,0.8634921335436447,1959,0.8166693471489084,1,reliable
1,52,1,1,1,0,1,1,9,0,0,0,1,0,1,5,2,12,0.3041004916020607,85,0.3371801386666524,0,unreliable
1,3217,1,1,1,0,1,1,150,0,1,0,1,1,1,58,12,12,0.8081829339865764,1483,0.840422814972505,1,reliable
1,63,1,0,1,0,0,1,7,0,0,0,0,0,1,1,5,12,0.11786841854221818,11,0.11937819164371466,0,unreliable
0,91,1,1,1,0,1,1,86,0,0,0,1,0,1,99,3,12,0.13086932571247384,1114,0.04523438720074002,0,unreliable
1,7740,1,1,1,1,1,1,107,0,0,1,1,1,1,53,11,12,0.940023325532459,724,0.8024276660981091,1,reliable
1,5973,1,1,1,0,1,1,39,1,0,1,1,1,1,34,12,12,0.9588023623448216,807,0.9559724973919743,1,reliable
1,999999,0,1,1,0,0,1,21,0,0,0,0,0,1,47,5,12,0.21482490411713878,2594,0.49576049043288195,0,unreliable
1,15,1,0,1,0,1,1,4,0,0,0,1,0,1,5,5,12,0.4296790662716914,71,0.0509816330235659,0,unreliable
0,25,1,0,1,0,1,1,111,0,0,0,1,0,1,37,4,12,0.4268486050195665,3369,0.35861200706149604,0,unreliable
1,35,1,0,0,0,1,0,74,0,0,0,1,1,0,19,2,12,0.10146485552862919,1268,0.3107756230950765,0,unreliable
1,32976,1,0,1,1,1,1,59,1,1,0,1,1,1,86,8,12,0.6483370218458938,2683,0.9473076919399793,1,reliable
1,40615,1,1,1,0,1,1,120,1,0,1,1,1,1,42,8,12,0.9486066225426233,1181,0.9353147174195156,1,reliable
0,92,1,1,1,0,1,1,132,0,0,0,0,1,1,15,5,12,0.2556828238685787,4820,0.41037320347926753,0,unreliable
1,40487,1,1,1,1,1,1,47,0,1,1,1,1,1,41,12,12,0.6093105544556584,1957,0.8468226330327313,1,reliable
1,46029,1,0,1,1,1,1,63,1,0,0,1,1,1,35,10,12,0.8033896146368857,278,0.8671701966816745,1,reliable
1,47539,1,0,1,1,1,1,119,0,1,1,1,1,1,41,9,12,0.8384788909778638,954,0.9847703813556864,1,reliable
1,14336,1,1,1,0,1,1,122,1,1,1,1,1,1,17,11,12,0.9608276073802847,1911,0.9028085867122462,1,reliable
1,9920,1,0,1,1,1,1,50,0,0,0,1,1,1,44,11,12,0.9267613384141697,3841,0.7613997292267094,1,reliable
0,12,1,1,1,0,1,1,118,0,0,0,1,0,1,35,3,12,0.29023827622908555,3542,0.31601028589633307,0,unreliable
1,27085,1,1,1,0,1,1,117,0,0,0,1,1,1,44,12,12,0.6388863489078532,1573,0.9795726914149485,1,reliable
1,7285,1,0,1,1,1,1,22,0,1,0,1,1,1,27,7,12,0.6607119794474745,4236,0.9270275304549949,1,reliable
0,58,1,1,1,0,1,1,138,0,0,0,1,0,1,58,5,12,0.10210150855197148,993,0.16661598732699162,0,unreliable
1,26857,1,0,1,1,1,1,62,1,1,1,1,1,1,42,10,12,0.8813676871951355,451,0.983137548106005,1,reliable
1,40649,1,0,1,0,1,1,100,0,1,1,1,1,1,51,9,12,0.6965118904611752,1192,0.8857701093911782,1,reliable
1,54,1,0,0,0,0,0,45,0,0,0,1,1,0,83,3,12,0.20833305310501044,3098,0.39253173747187253,0,unreliable
1,17731,1,0,1,0,1,1,54,1,1,0,1,1,1,76,11,12,0.7695143155094853,2970,0.717454968047814,1,reliable
1,32389,1,1,1,0,1,1,90,0,0,1,1,1,1,77,7,12,0.9783461914412772,377,0.8521424168353311,1,reliable
1,39448,1,1,1,0,1,1,54,0,1,1,1,1,1,36,11,12,0.7261854339040964,4558,0.7444948653990585,1,reliable
1,38418,1,1,1,1,1,1,45,1,0,1,1,1,1,90,12,12,0.89333153739317,2831,0.9077610938950154,1,reliable
0,98,1,1,1,0,1,1,22,0,0,0,0,1,1,25,2,12,0.1805498575726835,1124,0.12148995256502004,0,unreliable
1,18847,1,0,1,1,1,1,62,1,0,1,1,1,1,81,9,12,0.7666384615994207,2011,0.7267428189656417,1,reliable
1,39692,1,0,1,0,1,1,66,1,0,1,1,1,1,47,9,12,0.6378606037379588,3656,0.8724839101722491,1,reliable
1,999999,0,1,1,0,0,1,142,0,0,0,1,0,1,61,4,12,0.1806082330288848,547,0.0990587076954188,0,unreliable
1,26102,1,0,1,1,1,1,128,1,1,1,1,1,1,17,9,12,0.6805782275831083,4111,0.8537136951326696,1,reliable
1,23877,1,1,1,0,1,1,25,0,0,0,1,1,1,24,11,12,0.694032245216364,2609,0.9101008461546269,1,reliable
1,33101,1,0,1,1,1,1,113,1,0,0,1,1,1,34,9,12,0.9053090293714996,485,0.9333837744571896,1,reliable
1,22038,1,1,1,1,1,1,81,1,0,1,1,1,1,89,7,12,0.8621437583367253,311,0.7360092024830528,1,reliable
1,9971,1,0,1,1,1,1,119,0,1,1,1,1,1,35,12,12,0.6954881773262007,1599,0.9139230100659391,1,reliable
0,53,1,0,1,0,0,1,80,0,0,0,0,0,1,64,2,12,0.3646993659416237,1642,0.24077885990293518,0,unreliable
0,64,1,1,1,0,1,1,82,0,0,0,0,0,1,11,2,12,0.432663069622997,4543,0.04766926407635719,0,unreliable
1,30084,1,1,1,0,1,1,76,0,1,0,1,1,1,65,10,12,0.609292206929883,762,0.8627416950387339,1,reliable
1,1070,1,1,1,0,1,1,54,1,1,0,1,1,1,18,7,12,0.9174268036002647,3208,0.8895443350105784,1,reliable
1,0,0,0,1,0,1,1,111,0,0,0,1,0,1,76,5,12,0.24707509726305005,4006,0.36455719772373796,0,unreliable
1,29440,1,0,1,1,1,1,99,0,1,0,1,1,1,11,11,12,0.6040238304670532,2494,0.7519127525084426,1,reliable
1,86,1,0,1,0,0,1,4,0,0,0,0,0,1,4,4,12,0.41665338309079053,27,0.2967707063519891,0,unreliable
1,70,1,0,0,0,0,1,148,0,0,0,0,1,1,75,4,12,0.42325066228107944,4900,0.33414867934974873,0,unreliable
1,35609,1,0,1,1,1,1,132,1,1,0,1,1,1,52,8,12,0.852445444416218,369,0.7099212249114858,1,reliable
1,48279,1,0,1,0,1,1,139,1,1,1,1,1,1,77,10,12,0.624407288105985,3214,0.9524791075436434,1,reliable
1,20093,1,0,1,0,1,1,97,0,0,0,1,1,1,42,7,12,0.7258422717396878,2281,0.8885401719660229,1,reliable
1,31,1,1,0,0,0,1,56,0,0,0,0,0,1,49,2,12,0.266967341958848,1035,0.4027160244546205,0,unreliable
1,31182,1,1,1,0,1,1,146,1,1,1,1,1,1,94,12,12,0.8438540016362495,4452,0.9447869831449183,1,reliable
1,20816,1,1,1,1,1,1,139,0,1,0,1,1,1,52,12,12,0.9664269390279192,1282,0.9531044009815535,1,reliable
1,33,1,1,1,0,1,1,1,0,0,0,1,0,1,5,4,12,0.12205000785045633,19,0.17024565231015099,0,unreliable
1,18251,1,1,1,1,1,1,46,0,1,0,1,1,1,61,10,12,0.8443231331779334,4451,0.8126325977616697,1,reliable
1,45661,1,1,1,0,1,1,44,1,0,1,1,1,1,75,12,12,0.9963077105037506,355,0.9701287370365721,1,reliable
1,1930,1,1,1,0,1,1,112,0,1,1,1,1,1,57,10,12,0.9003214834109367,3349,0.8486096525733567,1,reliable
1,39498,1,1,1,1,1,1,41,0,1,1,1,1,1,59,7,12,0.6113830508550516,4937,0.7798770247879203,1,reliable
1,45468,1,0,1,0,1,1,116,1,1,0,1,1,1,57,10,12,0.7672069410904897,3154,0.7730163426986225,1,reliable
1,44483,1,0,1,0,1,1,36,0,1,1,1,1,1,35,7,12,0.6400304798173595,2389,0.7293205758563757,1,reliable
1,34382,1,0,1,1,1,1,121,0,0,0,1,1,1,90,9,12,0.6984243699821959,2509,0.8077156106123228,1,reliable
1,89,1,1,1,0,1,1,1,0,0,0,0,0,1,3,3,12,0.17370905817113036,48,0.08220893563776466,0,unreliable
1,15562,1,0,1,1,1,1,105,1,0,0,1,1,1,15,11,12,0.9924131771565445,1706,0.8994901624231698,1,reliable
0,82,1,1,1,0,0,1,120,0,0,0,1,0,1,78,4,12,0.07339238446302768,1211,0.10931222200807622,0,unreliable
1,36216,1,0,1,0,1,1,56,1,1,0,1,1,1,37,10,12,0.7314134617130188,4437,0.8564612586356599,1,reliable
1,22478,1,1,1,0,1,1,88,0,0,0,1,1,1,11,11,12,0.75953975328561,4729,0.9100880588631082,1,reliable
1,37360,1,1,1,1,1,1,139,0,0,1,1,1,1,59,9,12,0.6006661549359481,4354,0.8907182287971953,1,reliable
1,8515,1,0,1,1,1,1,40,1,0,1,1,1,1,65,9,12,0.8551663108324654,3665,0.7841596083964407,1,reliable
1,29220,1,1,1,1,1,1,134,0,0,0,1,1,1,34,10,12,0.7776722631755199,3864,0.7962114418888557,1,reliable
1,28280,1,0,1,0,1,1,105,1,1,1,1,1,1,58,11,12,0.9269852416385245,1792,0.9572654110778329,1,reliable
1,999999,0,1,1,0,1,1,120,0,0,0,0,1,1,27,4,12,0.12140246251022045,4046,0.11024491655173846,0,unreliable
1,16600,1,0,1,1,1,1,59,1,0,1,1,1,1,44,10,12,0.9764462623275658,3180,0.8384405010079692,1,reliable
1,1286,1,0,1,1,1,1,52,0,0,0,1,1,1,57,8,12,0.7514152546475512,2543,0.7729644285490694,1,reliable
1,49748,1,0,1,0,1,1,123,0,1,1,1,1,1,23,12,12,0.619899557358526,4895,0.8042996837242561,1,reliable
1,37325,1,0,1,0,1,1,132,1,1,1,1,1,1,70,10,12,0.6384114175773983,3218,0.7192083745062452,1,reliable
1,17850,1,1,1,1,1,1,83,0,1,1,1,1,1,65,9,12,0.9038359316070713,3163,0.8339019859273232,1,reliable
1,48989,1,1,1,1,1,1,128,0,1,1,1,1,1,62,11,12,0.6143977544921714,4466,0.940403735857303,1,reliable
1,75,1,1,0,0,1,0,101,0,0,0,1,0,0,71,5,12,0.05793542185960243,3772,0.21892841358541143,0,unreliable
1,0,0,0,1,0,0,1,107,0,0,0,1,1,1,69,5,12,0.12998257978930794,4312,0.3886213795928933,0,unreliable
1,66,1,1,0,0,0,0,99,0,0,0,1,1,0,34,1,12,0.16659600832715277,461,0.13896659548028162,0,unreliable
1,13,1,1,0,0,0,0,124,0,0,0,1,0,0,50,4,12,0.415641423407687,3075,0.0293167973405134,0,unreliable
1,7227,1,0,1,1,1,1,43,1,1,0,1,1,1,56,11,12,0.7255366130790307,4669,0.9452230608194915,1,reliable
1,-1,0,0,1,0,0,1,37,0,0,0,0,0,1,76,2,12,0.32188350613386557,1285,0.32737143392495127,0,unreliable
1,25092,1,1,1,0,1,1,136,0,0,0,1,1,1,21,11,12,0.9658028756018942,3177,0.7727204251049768,1,reliable
1,18735,1,1,1,1,1,1,65,0,1,1,1,1,1,46,9,12,0.9938225116490826,2363,0.7105782583067026,1,reliable
1,32850,1,0,1,1,1,1,115,1,1,0,1,1,1,75,10,12,0.8633024718061625,3472,0.9850769984951162,1,reliable
1,2296,1,1,1,0,1,1,126,1,0,1,1,1,1,73,11,12,0.9172136276702609,4293,0.7486349609760115,1,reliable
1,18354,1,1,1,0,1,1,120,0,0,0,1,1,1,61,9,12,0.9625248540425964,872,0.7590932931358101,1,reliable
1,999999,0,0,1,0,0,1,117,0,0,0,0,1,1,63,3,12,0.396417167772588,4503,0.297672634350558,0,unreliable
1,999999,0,1,1,0,1,1,108,0,0,0,1,1,1,61,5,12,0.2977942162176321,2677,0.08764536409966611,0,unreliable
1,33294,1,1,1,1,1,1,148,1,0,0,1,1,1,96,8,12,0.7192298780009646,4545,0.9605194444282448,1,reliable
1,25663,1,0,1,0,1,1,142,0,1,1,1,1,1,68,8,12,0.6299590062993258,607,0.7353470836171969,1,reliable
1,45100,1,1,1,0,1,1,139,1,0,1,1,1,1,12,10,12,0.9993407640053951,2162,0.9956629884766854,1,reliable
1,32688,1,1,1,0,1,1,64,0,0,0,1,1,1,90,9,12,0.9627448412657584,263,0.8693493518300089,1,reliable
1,9616,1,0,1,1,1,1,130,0,0,0,1,1,1,52,7,12,0.8631224479695108,4566,0.9664263492141839,1,reliable
1,42389,1,0,1,1,1,1,21,1,1,1,1,1,1,13,8,12,0.7839564049640411,3649,0.7499841786172168,1,reliable
0,64,1,0,1,0,0,1,23,0,0,0,0,1,1,54,3,12,0.13740150243066762,3488,0.16809855874606777,0,unreliable
1,11610,1,0,1,0,1,1,36,0,1,0,1,1,1,50,9,12,0.8233329996301546,3108,0.9879824958969801,1,reliable
1,25137,1,1,1,0,1,1,32,0,1,0,1,1,1,25,12,12,0.6629310213662183,1521,0.873910000440474,1,reliable
1,11684,1,1,1,0,1,1,100,1,0,1,1,1,1,92,8,12,0.6559801614330797,3964,0.9846869673984877,1,reliable
1,58,1,1,0,0,0,1,119,0,0,0,1,1,1,71,2,12,0.05343937004527826,1330,0.028213314746756313,0,unreliable
1,39283,1,0,1,1,1,1,135,0,0,0,1,1,1,20,10,12,0.7643821743105549,2206,0.9737532624501102,1,reliable
1,48614,1,1,1,1,1,1,24,0,0,0,1,1,1,52,8,12,0.9070961825682777,3143,0.9038257225263973,1,reliable
1,22265,1,0,1,0,1,1,89,0,1,1,1,1,1,49,9,12,0.6954274915904891,3493,0.772383757166929,1,reliable
1,10457,1,0,1,1,1,1,60,1,0,1,1,1,1,98,9,12,0.6582579348148306,2772,0.8116894054132318,1,reliable
1,21917,1,0,1,0,1,1,119,1,1,1,1,1,1,66,8,12,0.907282293421734,3005,0.7996067745687049,1,reliable
1,83,1,1,1,0,1,1,1,0,0,0,1,0,1,3,3,12,0.13879129118907244,11,0.2611820340960338,0,unreliable
1,31173,1,0,1,0,1,1,28,0,1,0,1,1,1,17,8,12,0.6597157047755668,3504,0.9671467606947006,1,reliable
1,42698,1,1,1,1,1,1,32,1,1,0,1,1,1,55,12,12,0.64320016530279,4790,0.8973462345223259,1,reliable
1,66,1,1,0,0,1,0,124,0,0,0,0,1,0,62,4,12,0.24115743829367675,3998,0.21441498541769083,0,unreliable
0,41,1,1,1,0,1,1,130,0,0,0,0,1,1,98,5,12,0.09922099199981692,1559,0.07142841210074585,0,unreliable
1,46269,1,1,1,1,1,1,32,1,0,1,1,1,1,98,10,12,0.6131580411211304,2002,0.9915081243444708,1,reliable
1,11836,1,0,1,0,1,1,96,1,1,1,1,1,1,59,7,12,0.9950713446555349,3295,0.9680852250254263,1,reliable
1,15308,1,1,1,1,1,1,104,1,0,0,1,1,1,98,10,12,0.9213922582224681,4375,0.8681282066969678,1,reliable
1,38,1,0,1,0,0,1,9,0,0,0,1,0,1,1,2,12,0.4350571988156153,39,0.3654392613731668,0,unreliable
1,26471,1,0,1,1,1,1,121,1,0,1,1,1,1,90,7,12,0.691467760191866,4520,0.8821665667249229,1,reliable
1,41306,1,1,1,1,1,1,116,1,1,0,1,1,1,69,8,12,0.8336309598120623,4888,0.9479315656789584,1,reliable
1,35241,1,1,1,0,1,1,124,0,0,1,1,1,1,38,12,12,0.7604685221767598,1586,0.8873042082867394,1,reliable
1,38234,1,1,1,1,1,1,139,0,0,0,1,1,1,79,12,12,0.6293273265652104,4351,0.7901608006280954,1,reliable
1,48990,1,1,1,0,1,1,44,1,0,0,1,1,1,25,8,12,0.801939172933706,2061,0.8488066110224837,1,reliable
1,20810,1,1,1,0,1,1,96,1,0,0,1,1,1,17,7,12,0.6192038362741771,3266,0.9949774371494224,1,reliable
1,13015,1,0,1,1,1,1,94,1,1,1,1,1,1,86,8,12,0.6526324584801919,2367,0.9355993838829282,1,reliable
1,48741,1,0,1,0,1,1,117,1,1,1,1,1,1,97,7,12,0.9752451977804975,2375,0.8670718116760591,1,reliable
1,15,1,0,1,0,1,1,2,0,0,0,1,0,1,0,3,12,0.3219433567051432,15,0.12893043232302714,0,unreliable
1,38778,1,0,1,1,1,1,24,1,0,1,1,1,1,95,9,12,0.9774224012862921,533,0.9878985547530386,1,reliable
1,-1,0,1,1,0,1,1,90,0,0,0,0,1,1,58,5,12,0.4465052935085015,3552,0.17048222647628497,0,unreliable
1,55,1,1,0,0,0,1,102,0,0,0,1,1,1,38,4,12,0.13843375965957383,3843,0.3462036937140056,0,unreliable
1,41815,1,1,1,0,1,1,125,0,1,0,1,1,1,57,8,12,0.7949673713948029,3622,0.9739246220095934,1,reliable
1,3365,1,0,1,1,1,1,136,1,1,0,1,1,1,71,10,12,0.632002139883589,2210,0.7324482415214635,1,reliable
1,12626,1,0,1,0,1,1,120,1,1,1,1,1,1,45,7,12,0.6265579805337964,1426,0.9046022174720368,1,reliable
1,15,1,1,0,0,0,0,134,0,0,0,1,0,0,30,1,12,0.11236091210596455,1512,0.49048328481964526,0,unreliable
1,37771,1,1,1,1,1,1,85,1,1,1,1,1,1,15,7,12,0.6338267460474198,4392,0.8680799175797309,1,reliable
1,41772,1,1,1,1,1,1,64,1,0,0,1,1,1,91,11,12,0.6986105957427964,3582,0.8523108727623685,1,reliable
1,27890,1,1,1,0,1,1,119,0,1,1,1,1,1,30,11,12,0.6327614771738276,4902,0.8233255754535771,1,reliable
1,37834,1,0,1,0,1,1,132,1,1,0,1,1,1,11,8,12,0.7087439782894914,2175,0.7269631118282792,1,reliable
0,31,1,0,1,0,0,1,120,0,0,0,1,0,1,89,4,12,0.4035062389837109,4557,0.29022532556221564,0,unreliable
1,38127,1,1,1,1,1,1,47,1,1,0,1,1,1,63,7,12,0.6611601035063993,4848,0.9395038822730042,1,reliable
1,30229,1,0,1,1,1,1,125,1,0,1,1,1,1,73,12,12,0.7902835139132045,1459,0.9577298501749472,1,reliable
1,44116,1,0,1,1,1,1,85,1,1,1,1,1,1,99,9,12,0.8462245881538314,1266,0.9596046713617594,1,reliable
1,1217,1,1,1,1,1,1,57,1,1,1,1,1,1,52,10,12,0.8302034063638453,2963,0.9177313604949818,1,reliable
1,22610,1,1,1,1,1,1,140,0,0,0,1,1,1,79,10,12,0.7504560684968862,2087,0.9744451605507385,1,reliable
1,35344,1,1,1,1,1,1,81,1,0,1,1,1,1,26,11,12,0.7789528815715526,513,0.807086271211105,1,reliable
0,86,1,1,1,0,1,1,113,0,0,0,0,0,1,11,3,12,0.34672282786649117,1077,0.4996197940837728,0,unreliable
1,19685,1,1,1,1,1,1,83,1,0,0,1,1,1,100,11,12,0.7661948855910085,4643,0.8122117803701695,1,reliable
1,999999,0,0,1,0,0,1,149,0,0,0,0,1,1,84,1,12,0.341324644894143,1461,0.15407148639622215,0,unreliable
1,39,1,1,0,0,1,0,43,0,0,0,0,0,0,40,1,12,0.3930103614991648,3897,0.22489844909559248,0,unreliable
1,25634,1,1,1,0,1,1,78,0,0,0,1,1,1,33,12,12,0.9863100672791115,3896,0.9651651662970595,1,reliable
1,24,1,1,0,0,0,1,82,0,0,0,1,1,1,77,2,12,0.37838905195645667,2306,0.32298222823392325,0,unreliable
1,17389,1,1,1,0,1,1,43,1,1,0,1,1,1,19,11,12,0.6660737768238737,845,0.8846931448974408,1,reliable
1,24136,1,1,1,1,1,1,24,1,0,1,1,1,1,100,9,12,0.6901675679372072,674,0.7771951233417445,1,reliable
1,999999,0,1,1,0,1,1,104,0,0,0,0,1,1,64,4,12,0.2160868597304692,621,0.12537801823160183,0,unreliable
1,97,1,1,1,0,0,1,1,0,0,0,0,0,1,2,4,12,0.40614830717258477,39,0.10019717548549961,0,unreliable
1,30694,1,1,1,1,1,1,146,0,1,0,1,1,1,31,10,12,0.9662634319598193,1254,0.9552500942514113,1,reliable
1,44162,1,0,1,1,1,1,138,0,1,0,1,1,1,87,8,12,0.6842296023055155,4310,0.726454464729924,1,reliable
1,35049,1,1,1,0,1,1,104,0,0,0,1,1,1,56,12,12,0.9290874056626176,4766,0.8368339139480919,1,reliable
1,49530,1,1,1,0,1,1,71,1,1,0,1,1,1,41,8,12,0.6585128432131041,3249,0.9908218400983497,1,reliable
0,22,1,0,1,0,1,1,65,0,0,0,1,0,1,25,3,12,0.3290013671047004,1609,0.07852554263215694,0,unreliable
1,10811,1,1,1,0,1,1,71,1,0,0,1,1,1,29,9,12,0.9441773912888071,697,0.872900160374059,1,reliable
1,98,1,0,0,0,0,1,130,0,0,0,0,0,1,35,2,12,0.23565677866252327,2901,0.013757762525284434,0,unreliable
1,13700,1,1,1,1,1,1,81,0,0,1,1,1,1,89,8,12,0.9477694743924369,3217,0.9812316958245078,1,reliable
1,45,1,1,0,0,0,1,44,0,0,0,1,1,1,40,3,12,0.181170778982034,4844,0.10556086697530087,0,unreliable
1,47958,1,1,1,1,1,1,94,0,0,0,1,1,1,68,12,12,0.613390839745794,1145,0.7659689455784069,1,reliable
1,-1,0,1,1,0,0,1,140,0,0,0,0,0,1,40,3,12,0.27379248202667184,3956,0.4530478984903508,0,unreliable
1,44818,1,1,1,0,1,1,38,0,1,0,1,1,1,27,11,12,0.8922570591230985,3428,0.8931264118896292,1,reliable
1,41753,1,1,1,1,1,1,20,1,0,1,1,1,1,56,11,12,0.8914240157839016,3859,0.7314476788978667,1,reliable
1,35601,1,1,1,1,1,1,75,0,1,1,1,1,1,89,9,12,0.8547474788880638,2440,0.8173474733256457,1,reliable
1,29225,1,0,1,1,1,1,110,1,0,0,1,1,1,24,8,12,0.6958606088177457,2660,0.759716005400114,1,reliable
1,46,1,1,0,0,0,1,44,0,0,0,1,1,1,56,1,12,0.0822421408966429,4713,0.36379882154506205,0,unreliable
1,4835,1,1,1,1,1,1,47,1,0,0,1,1,1,57,8,12,0.6653079300727038,1489,0.7157097448106969,1,reliable
1,0,0,1,1,0,0,1,108,0,0,0,1,1,1,74,1,12,0.4119297665189819,1561,0.3697032211460965,0,unreliable
1,26003,1,1,1,1,1,1,114,0,0,0,1,1,1,38,12,12,0.8838601919988036,4300,0.8665749718468582,1,reliable
1,1169,1,0,1,1,1,1,62,0,0,0,1,1,1,83,8,12,0.8312840046157767,4982,0.8053235855197651,1,reliable
1,94,1,1,0,0,0,1,150,0,0,0,0,1,1,68,4,12,0.3982124474015874,3702,0.2739042386315284,0,unreliable
1,1,1,0,0,0,0,1,48,0,0,0,1,0,1,38,2,12,0.35624366583442335,4380,0.12834489726553644,0,unreliable
1,4,1,0,1,0,0,1,0,0,0,0,1,0,1,0,5,12,0.3524856683311545,64,0.31980513290124235,0,unreliable
1,37,1,1,1,0,0,1,9,0,0,0,0,0,1,0,1,12,0.39837326455099864,29,0.42050369853414354,0,unreliable
1,18311,1,0,1,0,1,1,93,1,0,1,1,1,1,32,10,12,0.911491883293921,4152,0.7204417924266892,1,reliable
1,39166,1,0,1,0,1,1,144,1,0,1,1,1,1,66,12,12,0.8069644014231084,4775,0.9308260318886327,1,reliable
1,36798,1,1,1,1,1,1,62,1,0,1,1,1,1,92,8,12,0.899803890763489,1121,0.9271035344903881,1,reliable
1,66,1,1,1,0,0,1,10,0,0,0,0,0,1,2,1,12,0.18248257051678402,14,0.4505547921196562,0,unreliable
1,43383,1,1,1,1,1,1,52,1,0,1,1,1,1,77,11,12,0.9942855346096235,2823,0.8082147454849777,1,reliable
1,49,1,0,0,0,1,0,104,0,0,0,0,1,0,34,2,12,0.35117649383786603,396,0.354616526401729,0,unreliable
1,22011,1,1,1,0,1,1,50,1,0,0,1,1,1,99,10,12,0.7480383249848797,2648,0.9937671760137963,1,reliable
1,49603,1,1,1,1,1,1,110,0,0,1,1,1,1,99,7,12,0.7609687050821544,1272,0.7696098800438239,1,reliable
1,6646,1,1,1,0,1,1,66,0,0,0,1,1,1,54,7,12,0.6162906210958977,385,0.7769406543327857,1,reliable
1,21257,1,1,1,1,1,1,111,1,0,1,1,1,1,95,11,12,0.6962060691176606,613,0.9358038064505028,1,reliable
1,39733,1,1,1,0,1,1,69,1,1,0,1,1,1,12,11,12,0.9511254332946326,1993,0.9734423485521988,1,reliable
1,41825,1,0,1,1,1,1,150,1,1,1,1,1,1,63,11,12,0.6262647130573986,1831,0.9553260248494304,1,reliable
1,37204,1,1,1,1,1,1,107,0,0,0,1,1,1,71,11,12,0.7100753483760339,1243,0.9366281677639501,1,reliable
1,41079,1,0,1,0,1,1,59,0,1,0,1,1,1,40,8,12,0.6392889099740875,2881,0.8563082147601631,1,reliable
1,84,1,0,0,0,0,1,87,0,0,0,1,1,1,21,3,12,0.27209565455399165,932,0.403991056130338,0,unreliable
0,35,1,1,1,0,1,1,128,0,0,0,1,1,1,65,2,12,0.13513757319275999,1037,0.17282373441076126,0,unreliable
1,57,1,1,0,0,0,1,34,0,0,0,1,0,1,97,2,12,0.18064830142947125,2829,0.3432017345014158,0,unreliable
1,9659,1,1,1,1,1,1,96,0,0,1,1,1,1,25,7,12,0.6856516898506861,3901,0.7697935519833278,1,reliable
1,999999,0,0,1,0,1,1,104,0,0,0,1,0,1,28,4,12,0.08798423803239884,601,0.47338456628274805,0,unreliable
1,26033,1,0,1,0,1,1,77,0,1,1,1,1,1,47,10,12,0.747437047490494,3950,0.8443809890814891,1,reliable
1,66,1,1,0,0,0,0,23,0,0,0,0,0,0,94,3,12,0.28223833793113884,3626,0.47606761863408686,0,unreliable
1,9998,1,0,1,1,1,1,27,1,1,1,1,1,1,30,10,12,0.9220584163149667,1028,0.7500605716180022,1,reliable
1,18488,1,0,1,1,1,1,77,1,0,0,1,1,1,47,10,12,0.7291440972952121,2174,0.7998657984650787,1,reliable
1,49091,1,0,1,0,1,1,51,1,1,0,1,1,1,65,7,12,0.7040480463507334,1277,0.8660271265761413,1,reliable
1,999999,0,1,1,0,0,1,114,0,0,0,1,0,1,56,2,12,0.4333395089262974,3428,0.3839413912683186,0,unreliable
1,13785,1,0,1,0,1,1,36,0,0,0,1,1,1,47,12,12,0.8659022855855716,1895,0.9273870497896632,1,reliable
1,39063,1,0,1,0,1,1,34,0,0,0,1,1,1,89,12,12,0.8526061680847301,3271,0.8797807239528348,1,reliable
1,42252,1,0,1,0,1,1,20,0,0,0,1,1,1,15,11,12,0.965010497818741,231,0.9226354145618308,1,reliable
0,43,1,0,1,0,0,1,133,0,0,0,0,0,1,76,5,12,0.3732759514740099,3814,0.2590862499866035,0,unreliable
1,22825,1,0,1,1,1,1,146,1,1,1,1,1,1,62,11,12,0.7787337375500307,3770,0.7304794472089591,1,reliable
1,82,1,0,0,0,0,0,80,0,0,0,1,1,0,92,1,12,0.20675424802870823,2262,0.1561697214989059,0,unreliable
1,15087,1,0,1,1,1,1,95,0,0,1,1,1,1,52,11,12,0.8353020384936148,4058,0.9005297210237876,1,reliable
1,5011,1,1,1,1,1,1,22,0,1,0,1,1,1,48,11,12,0.9272907464095579,424,0.8301632299792359,1,reliable
1,20354,1,1,1,1,1,1,46,0,1,1,1,1,1,11,10,12,0.8432375472698692,1705,0.7566375334559569,1,reliable
1,37747,1,1,1,0,1,1,132,1,0,1,1,1,1,61,12,12,0.6669696055636657,294,0.963174299532918,1,reliable
1,15184,1,0,1,1,1,1,61,1,1,0,1,1,1,47,9,12,0.8068193131276319,489,0.742885053351552,1,reliable
1,89,1,0,0,0,1,0,118,0,0,0,0,1,0,26,1,12,0.28206204428424075,358,0.4658910688727327,0,unreliable
1,1962,1,0,1,1,1,1,122,0,0,1,1,1,1,50,12,12,0.702812905592464,4349,0.7755439104940591,1,reliable
1,4674,1,0,1,0,1,1,101,0,0,0,1,1,1,95,8,12,0.8294577128692624,4420,0.8827540686002532,1,reliable
1,27163,1,0,1,0,1,1,51,0,0,1,1,1,1,37,9,12,0.8554518052691529,966,0.937914607395962,1,reliable
1,86,1,0,0,0,0,1,110,0,0,0,0,0,1,59,2,12,0.3819609816718045,2242,0.302916494798766,0,unreliable
1,36,1,0,1,0,1,1,9,0,0,0,0,0,1,3,3,12,0.31766267463613185,74,0.37353048626491897,0,unreliable
1,13622,1,1,1,1,1,1,123,0,0,0,1,1,1,17,10,12,0.9809578622724306,648,0.8870612598027856,1,reliable
1,94,1,1,0,0,0,1,98,0,0,0,0,0,1,60,4,12,0.38940907001239217,1687,0.23379569729253952,0,unreliable
1,50,1,0,0,0,1,0,91,0,0,0,0,1,0,26,4,12,0.1663914685275693,3190,0.02707176767101238,0,unreliable
1,33824,1,1,1,0,1,1,105,0,0,0,1,1,1,10,10,12,0.6250095069937166,3044,0.9327844736534363,1,reliable
1,0,0,1,1,0,1,1,94,0,0,0,0,0,1,88,3,12,0.2200127789484973,2299,0.206081133254933,0,unreliable
1,999999,0,0,1,0,0,1,56,0,0,0,1,0,1,50,2,12,0.08654833690623956,1526,0.39414360954485045,0,unreliable
1,23941,1,0,1,1,1,1,94,0,1,0,1,1,1,85,8,12,0.783820137484351,2674,0.8043524351628265,1,reliable
1,0,0,1,1,0,0,1,126,0,0,0,0,1,1,98,5,12,0.26164665510080487,2783,0.013926747641610837,0,unreliable
1,19783,1,1,1,1,1,1,118,0,0,1,1,1,1,63,7,12,0.7310859149112414,4920,0.7783558028703011,1,reliable
1,23642,1,0,1,0,1,1,81,1,0,0,1,1,1,25,9,12,0.9670039312482106,2382,0.7509885698458701,1,reliable
1,63,1,1,0,0,0,1,108,0,0,0,0,1,1,20,4,12,0.18468446503495178,2930,0.10465722045769216,0,unreliable
1,38213,1,0,1,1,1,1,90,0,0,0,1,1,1,65,8,12,0.7600950017696955,863,0.7211009954539485,1,reliable
1,999999,0,0,1,0,0,1,46,0,0,0,1,1,1,21,1,12,0.42239898093451617,273,0.0665106801919621,0,unreliable
0,41,1,1,1,0,1,1,54,0,0,0,1,0,1,15,4,12,0.15510599256215574,1290,0.17984548002932144,0,unreliable
1,43768,1,1,1,0,1,1,142,1,1,0,1,1,1,61,12,12,0.8777641868539685,4915,0.8436552567197354,1,reliable
0,36,1,0,1,0,0,1,20,0,0,0,0,0,1,90,1,12,0.3785334714896054,2404,0.32258886377046253,0,unreliable
1,38755,1,1,1,1,1,1,69,0,1,0,1,1,1,22,9,12,0.6727534052458034,2813,0.8243782886818879,1,reliable
1,8901,1,1,1,1,1,1,74,1,1,1,1,1,1,86,10,12,0.7067388812253574,3195,0.8405220515406253,1,reliable
1,9585,1,0,1,0,1,1,70,1,1,0,1,1,1,62,7,12,0.898462379723561,4706,0.7583525596489707,1,reliable
1,28784,1,0,1,0,1,1,114,1,0,0,1,1,1,21,7,12,0.6717081290577639,4823,0.8152022273907147,1,reliable
1,27,1,1,0,0,0,1,42,0,0,0,0,1,1,54,4,12,0.21799802167520393,494,0.20283182984075016,0,unreliable
1,17376,1,1,1,1,1,1,24,1,0,1,1,1,1,50,11,12,0.8131915806938309,1439,0.7984455549731575,1,reliable
1,62,1,0,0,0,0,1,141,0,0,0,1,1,1,46,4,12,0.14451767827278478,4669,0.07841159672226578,0,unreliable
1,41354,1,1,1,0,1,1,135,0,0,0,1,1,1,87,7,12,0.8856081322435195,2745,0.9039703784649389,1,reliable
1,13767,1,1,1,1,1,1,87,1,0,1,1,1,1,32,9,12,0.8334646486906794,1397,0.8758755165427915,1,reliable
1,46791,1,1,1,1,1,1,98,1,1,0,1,1,1,29,11,12,0.7471868430508136,3179,0.8185574185554096,1,reliable
1,69,1,1,0,0,0,1,83,0,0,0,1,0,1,98,5,12,0.38939110171950325,954,0.1969075629237047,0,unreliable
1,12,1,1,0,0,0,1,131,0,0,0,0,1,1,93,1,12,0.08931334000176401,2329,0.007087237985909878,0,unreliable
1,44758,1,0,1,1,1,1,81,1,0,0,1,1,1,62,10,12,0.7169251718567256,720,0.8598311097949819,1,reliable
1,0,0,0,1,0,1,1,30,0,0,0,0,0,1,79,5,12,0.388812417133844,4280,0.18235530658502247,0,unreliable
1,10533,1,1,1,1,1,1,34,0,0,1,1,1,1,16,10,12,0.8494679242505523,3099,0.8810120333408014,1,reliable
1,24425,1,1,1,0,1,1,92,0,0,0,1,1,1,25,11,12,0.8780429319251535,3559,0.7566595885468157,1,reliable
1,50,1,0,0,0,0,1,74,0,0,0,1,1,1,92,3,12,0.33681126358288155,2710,0.30588142353685,0,unreliable
1,27219,1,1,1,0,1,1,71,0,0,0,1,1,1,47,7,12,0.767248007448426,4605,0.9165785382722345,1,reliable
1,30481,1,0,1,1,1,1,89,0,1,1,1,1,1,94,8,12,0.8146637938046918,2921,0.7759871431460037,1,reliable
1,34651,1,1,1,1,1,1,64,1,0,1,1,1,1,72,12,12,0.6109946819026528,3080,0.9041491645847646,1,reliable
1,45236,1,1,1,0,1,1,58,0,1,1,1,1,1,76,9,12,0.621898667390685,3275,0.9217493858932514,1,reliable
1,60,1,1,0,0,0,1,142,0,0,0,0,1,1,23,2,12,0.32272289373812674,3948,0.45463158418276756,0,unreliable
1,40974,1,1,1,0,1,1,137,0,1,1,1,1,1,87,9,12,0.6237490296822276,1579,0.8122836533351085,1,reliable
1,25312,1,1,1,0,1,1,86,0,0,1,1,1,1,86,10,12,0.9844474705786419,1162,0.9364348446850989,1,reliable
1,55,1,0,1,0,0,1,0,0,0,0,0,0,1,2,5,12,0.4250518663747361,12,0.02358619376470622,0,unreliable
1,48445,1,1,1,1,1,1,139,0,1,1,1,1,1,99,12,12,0.7184710129179983,4023,0.7653766875108439,1,reliable
1,7742,1,0,1,1,1,1,126,1,1,1,1,1,1,16,10,12,0.9752794518387119,2748,0.9951436726849453,1,reliable
1,3730,1,1,1,1,1,1,125,1,0,0,1,1,1,27,11,12,0.7203894430885908,3213,0.7084314373361162,1,reliable
1,999999,0,1,1,0,1,1,57,0,0,0,0,1,1,51,4,12,0.3428699086209729,2116,0.03413908177098235,0,unreliable
1,2665,1,0,1,1,1,1,140,0,1,0,1,1,1,63,8,12,0.7500557220431504,1936,0.9599599464570332,1,reliable
1,27362,1,1,1,1,1,1,66,1,1,0,1,1,1,76,7,12,0.6787918754469598,3622,0.8862062843426015,1,reliable
1,6045,1,0,1,1,1,1,124,1,1,1,1,1,1,30,12,12,0.9624168605530574,1273,0.7721611661774778,1,reliable
1,47674,1,1,1,0,1,1,62,1,0,0,1,1,1,78,10,12,0.7728322014034018,3686,0.9735034353994032,1,reliable
1,46017,1,1,1,1,1,1,123,1,1,1,1,1,1,34,9,12,0.8075838174006935,4094,0.726121677021917,1,reliable
1,999999,0,1,1,0,0,1,79,0,0,0,1,0,1,32,4,12,0.38012987745362453,2376,0.09570516642741506,0,unreliable
1,0,0,0,1,0,1,1,111,0,0,0,1,0,1,24,2,12,0.35645295256193615,1597,0.4158601866992555,0,unreliable
1,13147,1,0,1,0,1,1,100,1,0,1,1,1,1,15,10,12,0.9622994609962428,3340,0.9416849619200363,1,reliable
1,27737,1,1,1,0,1,1,70,0,1,0,1,1,1,68,8,12,0.9590000763037339,257,0.9951888738671297,1,reliable
1,6027,1,1,1,0,1,1,29,1,0,1,1,1,1,17,8,12,0.7126575139424591,3448,0.8588147048545116,1,reliable
1,49,1,0,1,0,1,1,4,0,0,0,0,0,1,0,5,12,0.23634115438993286,41,0.24792667543308994,0,unreliable
1,15029,1,0,1,1,1,1,111,1,1,0,1,1,1,86,9,12,0.6020983207560279,1685,0.7295897892598565,1,reliable
1,26451,1,0,1,1,1,1,141,0,0,0,1,1,1,78,11,12,0.7456797524323044,3933,0.836176726408392,1,reliable
0,6,1,1,1,0,0,1,139,0,0,0,1,0,1,12,1,12,0.16233914849741465,4669,0.4678158892866805,0,unreliable
1,83,1,1,1,0,1,1,0,0,0,0,0,0,1,5,3,12,0.42277063345738164,16,0.2896619288524171,0,unreliable
1,24061,1,0,1,0,1,1,145,1,0,0,1,1,1,40,10,12,0.989442932624942,4509,0.7852695943780216,1,reliable
1,49341,1,0,1,1,1,1,107,0,1,1,1,1,1,43,9,12,0.7227842902143127,1766,0.7386807885554778,1,reliable
1,10,1,0,1,0,1,1,9,0,0,0,1,0,1,2,5,12,0.3998863224501912,85,0.4566344522061784,0,unreliable
1,55,1,0,1,0,1,1,7,0,0,0,0,0,1,3,4,12,0.31317747976870597,96,0.3928782519275213,0,unreliable
1,42849,1,1,1,0,1,1,70,0,0,1,1,1,1,58,10,12,0.6119245148051792,1400,0.9636949374957408,1,reliable
0,95,1,1,1,0,1,1,28,0,0,0,0,0,1,35,3,12,0.13890303186212755,834,0.4400709270291676,0,unreliable
1,34194,1,1,1,1,1,1,114,1,0,0,1,1,1,42,10,12,0.6151901116010141,4643,0.7731430779305936,1,reliable
1,69,1,0,0,0,0,0,44,0,0,0,1,0,0,85,3,12,0.3799888451081284,4489,0.14343432935105666,0,unreliable
1,11339,1,1,1,1,1,1,147,0,1,0,1,1,1,96,12,12,0.7092031348255988,4695,0.8155026084799252,1,reliable
1,22736,1,0,1,0,1,1,126,0,0,1,1,1,1,47,8,12,0.7560689113890826,1464,0.9420777048686307,1,reliable
1,2,1,0,0,0,0,0,93,0,0,0,1,1,0,84,2,12,0.38770973634833983,2641,0.030332295568937295,0,unreliable
1,2721,1,1,1,1,1,1,69,1,0,1,1,1,1,76,12,12,0.6712828902375696,3637,0.8359917736754008,1,reliable
1,5708,1,0,1,0,1,1,140,0,0,1,1,1,1,65,11,12,0.8355195142018254,2548,0.8173891474004853,1,reliable
1,33259,1,1,1,1,1,1,102,0,0,1,1,1,1,43,8,12,0.8019226184513122,4060,0.9126780850367547,1,reliable
1,11,1,1,0,0,0,1,102,0,0,0,0,1,1,53,1,12,0.2499837470034209,3582,0.19581868344765496,0,unreliable
1,36670,1,1,1,1,1,1,78,0,1,1,1,1,1,14,8,12,0.9330110538488904,917,0.8559069016805982,1,reliable
1,14360,1,0,1,0,1,1,92,0,1,0,1,1,1,15,10,12,0.8121250668941025,1789,0.958077060331373,1,reliable
1,46433,1,1,1,1,1,1,58,1,1,1,1,1,1,16,10,12,0.84871980800417,2462,0.8122708966288887,1,reliable
1,38986,1,0,1,1,1,1,42,1,0,1,1,1,1,41,12,12,0.7762243059978644,4599,0.7042276017586033,1,reliable
1,432,1,1,1,1,1,1,81,0,0,0,1,1,1,10,9,12,0.8718189516044823,2099,0.9415743835195837,1,reliable
1,42436,1,1,1,1,1,1,62,0,1,1,1,1,1,46,7,12,0.7334226685830152,4317,0.9211498959912058,1,reliable
1,0,0,1,1,0,0,1,82,0,0,0,0,1,1,26,1,12,0.09778081533378652,725,0.22343331229362312,0,unreliable
1,21141,1,1,1,0,1,1,20,1,1,1,1,1,1,25,7,12,0.8216542464369605,4055,0.9201702546664182,1,reliable
1,0,0,0,1,0,0,1,25,0,0,0,0,0,1,52,5,12,0.4174296927010353,728,0.0830821411949651,0,unreliable
1,45498,1,0,1,1,1,1,126,1,1,0,1,1,1,16,8,12,0.9297901763228636,3077,0.9878850609734221,1,reliable
1,10059,1,1,1,1,1,1,147,1,1,1,1,1,1,45,8,12,0.9314817460652002,3429,0.7706341784951862,1,reliable
0,84,1,0,1,0,1,1,28,0,0,0,1,1,1,26,4,12,0.06735538825721328,3997,0.4230927214847148,0,unreliable
1,14603,1,1,1,1,1,1,42,1,1,1,1,1,1,76,12,12,0.8522702410434946,3525,0.9512052261489239,1,reliable
1,13485,1,0,1,0,1,1,85,1,0,1,1,1,1,61,8,12,0.8464821218665646,3239,0.7298547813611346,1,reliable
1,5658,1,0,1,0,1,1,83,1,0,1,1,1,1,30,10,12,0.8003733677981724,3558,0.7165883046565105,1,reliable
1,-1,0,0,1,0,1,1,148,0,0,0,1,0,1,30,2,12,0.10215404778736988,3085,0.252833076151808,0,unreliable
1,18013,1,0,1,0,1,1,102,0,0,0,1,1,1,31,8,12,0.6099871942822647,2069,0.930877153183794,1,reliable
1,0,0,1,1,0,0,1,35,0,0,0,1,0,1,43,4,12,0.31279481208089976,2493,0.4203350485218746,0,unreliable
1,43057,1,1,1,1,1,1,58,1,1,1,1,1,1,66,7,12,0.8484878859693185,3033,0.7845985606231205,1,reliable
1,26041,1,0,1,0,1,1,41,1,1,0,1,1,1,44,8,12,0.6610647421558492,2059,0.7164327051040653,1,reliable
1,14,1,0,0,0,0,1,65,0,0,0,0,1,1,59,5,12,0.38374268541347906,2764,0.2675850327872787,0,unreliable
1,3830,1,1,1,0,1,1,23,0,1,1,1,1,1,71,11,12,0.6246116273917107,1527,0.8976659856881727,1,reliable
1,17800,1,0,1,1,1,1,65,0,1,0,1,1,1,29,11,12,0.6892424663472091,379,0.9986212942369572,1,reliable
1,10567,1,0,1,1,1,1,127,0,1,0,1,1,1,51,7,12,0.9067744327009585,778,0.8135337318646668,1,reliable
1,2339,1,0,1,1,1,1,84,1,1,1,1,1,1,38,7,12,0.9665559891212439,2555,0.7660368926740881,1,reliable
1,46133,1,1,1,0,1,1,105,0,1,0,1,1,1,68,10,12,0.7109242931808336,4539,0.7358236656616589,1,reliable
1,23353,1,0,1,1,1,1,84,1,0,0,1,1,1,38,10,12,0.891600998483832,314,0.888779600175299,1,reliable
1,999999,0,0,1,0,1,1,46,0,0,0,1,0,1,85,5,12,0.3130129839019877,2618,0.15144318661881767,0,unreliable
1,83,1,1,0,0,0,1,37,0,0,0,1,1,1,100,4,12,0.3686769182554189,4882,0.18634506826710717,0,unreliable
1,1394,1,0,1,1,1,1,44,1,0,1,1,1,1,23,8,12,0.657425577528698,204,0.9531065779518477,1,reliable
1,42263,1,1,1,1,1,1,33,0,0,0,1,1,1,39,7,12,0.9675128884623652,2676,0.8830559904411429,1,reliable
1,41727,1,0,1,0,1,1,96,1,1,0,1,1,1,55,8,12,0.8095678247252478,3566,0.9504305707354674,1,reliable
1,33423,1,1,1,1,1,1,78,0,0,0,1,1,1,99,12,12,0.6210268763276553,886,0.9799955123227978,1,reliable
1,26,1,0,0,0,0,1,55,0,0,0,1,1,1,73,3,12,0.3000348246706147,3371,0.3837335383334141,0,unreliable
1,39145,1,1,1,0,1,1,65,1,1,0,1,1,1,43,7,12,0.9837479698928072,1781,0.9455415952065537,1,reliable
1,40951,1,1,1,1,1,1,36,1,0,1,1,1,1,100,12,12,0.9800676594772524,2655,0.9050772093149176,1,reliable
1,24034,1,1,1,0,1,1,89,1,0,0,1,1,1,36,11,12,0.8313210108460072,744,0.8863062243923514,1,reliable
1,47,1,1,1,0,1,1,5,0,0,0,0,0,1,4,3,12,0.11790457410140887,15,0.2820998886259094,0,unreliable
1,34471,1,0,1,1,1,1,57,0,0,0,1,1,1,93,8,12,0.7437316447997298,579,0.9076681741482997,1,reliable
1,27533,1,1,1,1,1,1,121,0,1,0,1,1,1,96,10,12,0.8744579970172122,2505,0.9121863606848254,1,reliable
1,30166,1,0,1,0,1,1,145,1,0,1,1,1,1,86,10,12,0.621243062143117,1165,0.7853424132492175,1,reliable
1,32224,1,1,1,1,1,1,85,1,0,0,1,1,1,69,10,12,0.8087370555707826,4597,0.8894072040635994,1,reliable
1,14208,1,0,1,0,1,1,62,1,0,0,1,1,1,85,11,12,0.8796944916975105,1170,0.8946516489067924,1,reliable
1,15856,1,0,1,1,1,1,101,0,1,1,1,1,1,59,9,12,0.9829919232506923,3750,0.9112076515173204,1,reliable
1,20553,1,1,1,0,1,1,64,0,0,0,1,1,1,17,10,12,0.7400373985013304,4714,0.872329466828879,1,reliable
0,88,1,1,1,0,1,1,147,0,0,0,0,0,1,27,5,12,0.4207047126728297,1497,0.49616732144061065,0,unreliable
1,47468,1,0,1,1,1,1,104,0,0,0,1,1,1,52,12,12,0.6845349066821517,2860,0.9890932136828544,1,reliable
1,39708,1,0,1,1,1,1,40,0,0,0,1,1,1,50,7,12,0.6226444554222054,3177,0.9371154529832993,1,reliable
1,33285,1,1,1,0,1,1,102,0,1,1,1,1,1,47,10,12,0.7125631444844379,3616,0.7812381843588284,1,reliable
1,35708,1,0,1,0,1,1,29,1,0,1,1,1,1,87,7,12,0.9489246588989233,3023,0.9566563299288491,1,reliable
1,3359,1,0,1,0,1,1,72,1,1,0,1,1,1,52,8,12,0.6555834178109213,3269,0.7376334475321074,1,reliable
1,26937,1,0,1,0,1,1,127,1,1,1,1,1,1,28,11,12,0.9991634908232162,255,0.8960343056814866,1,reliable
1,40498,1,1,1,1,1,1,21,0,1,0,1,1,1,19,8,12,0.8251345115784949,3858,0.7125414361593787,1,reliable
1,37868,1,1,1,0,1,1,36,0,0,0,1,1,1,49,9,12,0.9592152785461749,3068,0.7324179182762494,1,reliable
1,48517,1,1,1,1,1,1,75,0,1,0,1,1,1,48,11,12,0.8363106464534973,1945,0.8815563632519114,1,reliable
1,41265,1,0,1,1,1,1,109,1,0,0,1,1,1,35,10,12,0.9361265772467364,4719,0.875650648895165,1,reliable
1,19525,1,0,1,0,1,1,31,0,1,1,1,1,1,83,7,12,0.6217097987568597,2156,0.9268090780662946,1,reliable
0,84,1,0,1,0,0,1,81,0,0,0,1,1,1,21,4,12,0.4247363192318882,2312,0.05731495525694996,0,unreliable
1,25372,1,1,1,0,1,1,148,1,0,1,1,1,1,71,7,12,0.9614835643823485,4538,0.7990849351950639,1,reliable
1,42429,1,1,1,0,1,1,94,0,0,1,1,1,1,71,12,12,0.8902891515876077,3233,0.7858102426349343,1,reliable
1,39,1,1,0,0,0,0,117,0,0,0,1,1,0,100,2,12,0.07567845917756029,346,0.21305066028592035,0,unreliable
0,34,1,1,1,0,1,1,67,0,0,0,0,0,1,10,5,12,0.08633711803683872,2414,0.2456679228923473,0,unreliable
1,46,1,0,1,0,0,1,8,0,0,0,1,0,1,0,3,12,0.37584959185958516,23,0.39990692330619226,0,unreliable
1,23526,1,1,1,0,1,1,50,1,1,0,1,1,1,44,11,12,0.9400553747232618,4578,0.834489889642378,1,reliable
1,1540,1,1,1,0,1,1,117,0,0,0,1,1,1,99,11,12,0.8784257148981849,1140,0.8870841714581137,1,reliable
1,64,1,1,0,0,0,1,20,0,0,0,1,1,1,29,4,12,0.09033240143006048,4245,0.4492464365267336,0,unreliable
0,29,1,0,1,0,0,1,32,0,0,0,1,0,1,30,1,12,0.3305495703838047,607,0.3414440262718985,0,unreliable
